2026-01-21 15:27:13,064 - INFO - 🚀 Iniciando carga de colaboradores...
2026-01-21 15:27:13,656 - INFO - Columnas detectadas:
2026-01-21 15:27:13,657 - INFO - ['empleado', 'empresa', 'nombre_de_empresa', 'nombre_del_empleado', 'cargo', 'desc_cargo', 'centro_de_operacion', 'desc_co', 'fecha_de_ingreso', 'proyecto', 'nombre_proyecto', 'unidad_de_negocio', 'regional', 'grupo_objetivo', 'jerarquia', 'observaciones', 'unidad_de_negocio', 'desc_un', 'id_ccostos', 'desc_ccostos', 'desc_caja', 'direccion_del_contacto', 'telefono_del_contacto', 'email_del_contacto', 'correo_corporativo', 'sexo_del_empleado', 'estado_civil_del_empleado', 'nivel_educativo_del_empleado', 'fecha_nacimiento_empleado', 'desc_departamento_del_contacto', 'desc_ciudad_del_contacto']
2026-01-21 15:27:13,658 - INFO - Filas encontradas: 1465
2026-01-21 15:27:19,090 - INFO - 
==============================
2026-01-21 15:27:19,091 - INFO - Comprobando errores antes de insertar datos...
2026-01-21 15:27:19,092 - ERROR - Se detectaron errores en el archivo de entrada. No se realizará ninguna inserción.
2026-01-21 15:27:19,093 - ERROR - Fila 133: Cargo 'DIRECTOR DESARROLLO DE NEGOCIOS' no encontrado
2026-01-21 15:27:19,094 - ERROR - Fila 281: Cargo 'ASISTENTE DE ATENCION AL USUARIO' no encontrado
2026-01-21 15:27:19,095 - ERROR - Fila 283: Cargo 'COORDINADOR DE OPERACIONES' no encontrado
2026-01-21 15:27:19,096 - ERROR - Fila 1251: Cargo 'DIRECTOR UNIDAD SEGURIDAD Y VIGILANCIA' no encontrado
2026-01-21 15:27:19,098 - INFO - ✨ Proceso finalizado
2026-01-21 15:28:11,828 - INFO - 🚀 Iniciando carga de colaboradores...
2026-01-21 15:28:12,317 - INFO - Columnas detectadas:
2026-01-21 15:28:12,318 - INFO - ['empleado', 'empresa', 'nombre_de_empresa', 'nombre_del_empleado', 'cargo', 'desc_cargo', 'centro_de_operacion', 'desc_co', 'fecha_de_ingreso', 'proyecto', 'nombre_proyecto', 'unidad_de_negocio', 'regional', 'grupo_objetivo', 'jerarquia', 'observaciones', 'unidad_de_negocio', 'desc_un', 'id_ccostos', 'desc_ccostos', 'desc_caja', 'direccion_del_contacto', 'telefono_del_contacto', 'email_del_contacto', 'correo_corporativo', 'sexo_del_empleado', 'estado_civil_del_empleado', 'nivel_educativo_del_empleado', 'fecha_nacimiento_empleado', 'desc_departamento_del_contacto', 'desc_ciudad_del_contacto']
2026-01-21 15:28:12,319 - INFO - Filas encontradas: 1465
2026-01-21 15:28:19,519 - INFO - 
==============================
2026-01-21 15:28:19,519 - INFO - Comprobando errores antes de insertar datos...
2026-01-21 15:28:19,520 - INFO - No se detectaron errores. Procediendo a cargar datos...
2026-01-21 15:28:19,735 - INFO - ✅ SILVA MONTOYA PAOLA ANDREA | CC 1072711857
2026-01-21 15:28:19,941 - INFO - ✅ ATUESTA MALAVER NYDIA VICTORIA | CC 35421670
2026-01-21 15:28:20,157 - INFO - ✅ MENDOZA GILMA YANETH | CC 60443656
2026-01-21 15:28:20,344 - INFO - ✅ RODRIGUEZ BERNAL LAURA JISSELA | CC 1006794292
2026-01-21 15:28:20,362 - ERROR - Error al guardar lote; ninguna fila fue insertada: (1406, "Data too long for column 'correoColaborador' at row 1")
Traceback (most recent call last):
  File "/usr/local/lib/python3.12/site-packages/django/db/backends/utils.py", line 105, in _execute
    return self.cursor.execute(sql, params)
           ^^^^^^^^^^^^^^^^^^^^^^^^^^^^^^^^
  File "/usr/local/lib/python3.12/site-packages/django/db/backends/mysql/base.py", line 76, in execute
    return self.cursor.execute(query, args)
           ^^^^^^^^^^^^^^^^^^^^^^^^^^^^^^^^
  File "/usr/local/lib/python3.12/site-packages/pymysql/cursors.py", line 153, in execute
    result = self._query(query)
             ^^^^^^^^^^^^^^^^^^
  File "/usr/local/lib/python3.12/site-packages/pymysql/cursors.py", line 322, in _query
    conn.query(q)
  File "/usr/local/lib/python3.12/site-packages/pymysql/connections.py", line 575, in query
    self._affected_rows = self._read_query_result(unbuffered=unbuffered)
                          ^^^^^^^^^^^^^^^^^^^^^^^^^^^^^^^^^^^^^^^^^^^^^^
  File "/usr/local/lib/python3.12/site-packages/pymysql/connections.py", line 826, in _read_query_result
    result.read()
  File "/usr/local/lib/python3.12/site-packages/pymysql/connections.py", line 1203, in read
    first_packet = self.connection._read_packet()
                   ^^^^^^^^^^^^^^^^^^^^^^^^^^^^^^
  File "/usr/local/lib/python3.12/site-packages/pymysql/connections.py", line 782, in _read_packet
    packet.raise_for_error()
  File "/usr/local/lib/python3.12/site-packages/pymysql/protocol.py", line 219, in raise_for_error
    err.raise_mysql_exception(self._data)
  File "/usr/local/lib/python3.12/site-packages/pymysql/err.py", line 150, in raise_mysql_exception
    raise errorclass(errno, errval)
pymysql.err.DataError: (1406, "Data too long for column 'correoColaborador' at row 1")

The above exception was the direct cause of the following exception:

Traceback (most recent call last):
  File "/app/usuarios/Script.py", line 318, in cargar_colaboradores_desde_excel
    colaborador = Colaboradores.objects.create(
                  ^^^^^^^^^^^^^^^^^^^^^^^^^^^^^
  File "/usr/local/lib/python3.12/site-packages/django/db/models/manager.py", line 87, in manager_method
    return getattr(self.get_queryset(), name)(*args, **kwargs)
           ^^^^^^^^^^^^^^^^^^^^^^^^^^^^^^^^^^^^^^^^^^^^^^^^^^^
  File "/usr/local/lib/python3.12/site-packages/django/db/models/query.py", line 663, in create
    obj.save(force_insert=True, using=self.db)
  File "/usr/local/lib/python3.12/site-packages/django/db/models/base.py", line 902, in save
    self.save_base(
  File "/usr/local/lib/python3.12/site-packages/django/db/models/base.py", line 1008, in save_base
    updated = self._save_table(
              ^^^^^^^^^^^^^^^^^
  File "/usr/local/lib/python3.12/site-packages/django/db/models/base.py", line 1169, in _save_table
    results = self._do_insert(
              ^^^^^^^^^^^^^^^^
  File "/usr/local/lib/python3.12/site-packages/django/db/models/base.py", line 1210, in _do_insert
    return manager._insert(
           ^^^^^^^^^^^^^^^^
  File "/usr/local/lib/python3.12/site-packages/django/db/models/manager.py", line 87, in manager_method
    return getattr(self.get_queryset(), name)(*args, **kwargs)
           ^^^^^^^^^^^^^^^^^^^^^^^^^^^^^^^^^^^^^^^^^^^^^^^^^^^
  File "/usr/local/lib/python3.12/site-packages/django/db/models/query.py", line 1868, in _insert
    return query.get_compiler(using=using).execute_sql(returning_fields)
           ^^^^^^^^^^^^^^^^^^^^^^^^^^^^^^^^^^^^^^^^^^^^^^^^^^^^^^^^^^^^^
  File "/usr/local/lib/python3.12/site-packages/django/db/models/sql/compiler.py", line 1882, in execute_sql
    cursor.execute(sql, params)
  File "/usr/local/lib/python3.12/site-packages/django/db/backends/utils.py", line 122, in execute
    return super().execute(sql, params)
           ^^^^^^^^^^^^^^^^^^^^^^^^^^^^
  File "/usr/local/lib/python3.12/site-packages/django/db/backends/utils.py", line 79, in execute
    return self._execute_with_wrappers(
           ^^^^^^^^^^^^^^^^^^^^^^^^^^^^
  File "/usr/local/lib/python3.12/site-packages/django/db/backends/utils.py", line 92, in _execute_with_wrappers
    return executor(sql, params, many, context)
           ^^^^^^^^^^^^^^^^^^^^^^^^^^^^^^^^^^^^
  File "/usr/local/lib/python3.12/site-packages/django/db/backends/utils.py", line 100, in _execute
    with self.db.wrap_database_errors:
         ^^^^^^^^^^^^^^^^^^^^^^^^^^^^
  File "/usr/local/lib/python3.12/site-packages/django/db/utils.py", line 91, in __exit__
    raise dj_exc_value.with_traceback(traceback) from exc_value
  File "/usr/local/lib/python3.12/site-packages/django/db/backends/utils.py", line 105, in _execute
    return self.cursor.execute(sql, params)
           ^^^^^^^^^^^^^^^^^^^^^^^^^^^^^^^^
  File "/usr/local/lib/python3.12/site-packages/django/db/backends/mysql/base.py", line 76, in execute
    return self.cursor.execute(query, args)
           ^^^^^^^^^^^^^^^^^^^^^^^^^^^^^^^^
  File "/usr/local/lib/python3.12/site-packages/pymysql/cursors.py", line 153, in execute
    result = self._query(query)
             ^^^^^^^^^^^^^^^^^^
  File "/usr/local/lib/python3.12/site-packages/pymysql/cursors.py", line 322, in _query
    conn.query(q)
  File "/usr/local/lib/python3.12/site-packages/pymysql/connections.py", line 575, in query
    self._affected_rows = self._read_query_result(unbuffered=unbuffered)
                          ^^^^^^^^^^^^^^^^^^^^^^^^^^^^^^^^^^^^^^^^^^^^^^
  File "/usr/local/lib/python3.12/site-packages/pymysql/connections.py", line 826, in _read_query_result
    result.read()
  File "/usr/local/lib/python3.12/site-packages/pymysql/connections.py", line 1203, in read
    first_packet = self.connection._read_packet()
                   ^^^^^^^^^^^^^^^^^^^^^^^^^^^^^^
  File "/usr/local/lib/python3.12/site-packages/pymysql/connections.py", line 782, in _read_packet
    packet.raise_for_error()
  File "/usr/local/lib/python3.12/site-packages/pymysql/protocol.py", line 219, in raise_for_error
    err.raise_mysql_exception(self._data)
  File "/usr/local/lib/python3.12/site-packages/pymysql/err.py", line 150, in raise_mysql_exception
    raise errorclass(errno, errval)
django.db.utils.DataError: (1406, "Data too long for column 'correoColaborador' at row 1")
2026-01-21 15:28:20,414 - INFO - 
==============================
2026-01-21 15:28:20,416 - INFO - RESUMEN FINAL
2026-01-21 15:28:20,418 - INFO - Exitosos: 4
2026-01-21 15:28:20,420 - INFO - Errores: 1465
2026-01-21 15:28:20,421 - INFO - ==============================

2026-01-21 15:28:20,423 - INFO - ✨ Proceso finalizado
2026-01-21 15:29:51,243 - INFO - 🚀 Iniciando carga de colaboradores...
2026-01-21 15:29:51,878 - INFO - Columnas detectadas:
2026-01-21 15:29:51,878 - INFO - ['empleado', 'empresa', 'nombre_de_empresa', 'nombre_del_empleado', 'cargo', 'desc_cargo', 'centro_de_operacion', 'desc_co', 'fecha_de_ingreso', 'proyecto', 'nombre_proyecto', 'unidad_de_negocio', 'regional', 'grupo_objetivo', 'jerarquia', 'observaciones', 'unidad_de_negocio', 'desc_un', 'id_ccostos', 'desc_ccostos', 'desc_caja', 'direccion_del_contacto', 'telefono_del_contacto', 'email_del_contacto', 'correo_corporativo', 'sexo_del_empleado', 'estado_civil_del_empleado', 'nivel_educativo_del_empleado', 'fecha_nacimiento_empleado', 'desc_departamento_del_contacto', 'desc_ciudad_del_contacto']
2026-01-21 15:29:51,879 - INFO - Filas encontradas: 1465
2026-01-21 15:29:57,037 - INFO - 
==============================
2026-01-21 15:29:57,037 - INFO - Comprobando errores antes de insertar datos...
2026-01-21 15:29:57,038 - INFO - No se detectaron errores. Procediendo a cargar datos...
2026-01-21 15:29:57,264 - INFO - ✅ SILVA MONTOYA PAOLA ANDREA | CC 1072711857
2026-01-21 15:29:57,460 - INFO - ✅ ATUESTA MALAVER NYDIA VICTORIA | CC 35421670
2026-01-21 15:29:57,667 - INFO - ✅ MENDOZA GILMA YANETH | CC 60443656
2026-01-21 15:29:57,855 - INFO - ✅ RODRIGUEZ BERNAL LAURA JISSELA | CC 1006794292
2026-01-21 15:29:58,068 - INFO - ✅ MONTOYA MUNOZ ANDRES GIOVANNY | CC 1072192768
2026-01-21 15:29:58,259 - INFO - ✅ CASTRO PARRA ALEXANDER | CC 16942319
2026-01-21 15:29:58,470 - INFO - ✅ BARONA MUTIS HUBER RAFAEL | CC 15816416
2026-01-21 15:29:58,666 - INFO - ✅ ALVIRA MORENO IVONNE NATALIA | CC 1069760142
2026-01-21 15:29:58,871 - INFO - ✅ CASTIBLANCO CARRANZA RAFAEL ANTONIO | CC 79820164
2026-01-21 15:29:59,072 - INFO - ✅ YANDE HERNANDEZ DARWIN ARLES | CC 1077843267
2026-01-21 15:29:59,286 - INFO - ✅ PALENCIA BERMEO JORGE ENRIQUE | CC 1003966592
2026-01-21 15:29:59,508 - INFO - ✅ LEON ANTURI YOHAN ESTIVEN | CC 1007604973
2026-01-21 15:29:59,735 - INFO - ✅ CUEVAS MATTA CIRO ALFONSO | CC 5864429
2026-01-21 15:29:59,938 - INFO - ✅ FIERRO BRINEZ LEIDY TATIANA | CC 1105678111
2026-01-21 15:30:00,144 - INFO - ✅ CAMPOS GUZMAN OMAR | CC 11227448
2026-01-21 15:30:00,342 - INFO - ✅ PINZON SANCHEZ MARIA ANGELICA | CC 65820278
2026-01-21 15:30:00,554 - INFO - ✅ ORTIZ ROCHANQUIRA JOHN HENRY | CC 93137409
2026-01-21 15:30:00,754 - INFO - ✅ ORTIZ ROJAS DIONICIO | CC 5864504
2026-01-21 15:30:00,968 - INFO - ✅ PERDOMO CUEVAS JORGE LUIS | CC 1109264729
2026-01-21 15:30:01,163 - INFO - ✅ BURITICA PACHECO MARTHA ISABEL | CC 65784898
2026-01-21 15:30:01,369 - INFO - ✅ MORALES USECHE DANIEL ESNID | CC 1192907813
2026-01-21 15:30:01,566 - INFO - ✅ GARZON RIVAS YEISSON DURLEY | CC 1110519251
2026-01-21 15:30:01,812 - INFO - ✅ SANCHEZ VARGAS JOHAN EDUARDO | CC 1106634101
2026-01-21 15:30:02,007 - INFO - ✅ ZOTA AVILA LUISA MARIELA | CC 1110536332
2026-01-21 15:30:02,209 - INFO - ✅ PARRA BORJA DIANA MILENA | CC 1107975557
2026-01-21 15:30:02,410 - INFO - ✅ AROCA TIQUE PABLO YANFER | CC 93405824
2026-01-21 15:30:02,616 - INFO - ✅ NAVARRO DAZA JHON ALEXANDER | CC 14297359
2026-01-21 15:30:02,818 - INFO - ✅ RAMIREZ HERRERA JORGE ONEL | CC 94445802
2026-01-21 15:30:03,022 - INFO - ✅ SERNA ORTEGA MIGUEL ANGEL | CC 14136589
2026-01-21 15:30:03,215 - INFO - ✅ CIFUENTES CABALLERO NILVER ESTIBEN | CC 1083556190
2026-01-21 15:30:03,425 - INFO - ✅ VARGAS ESPINOSA YEFERSON OSWALDO | CC 1110575635
2026-01-21 15:30:03,630 - INFO - ✅ DURANGO ACOSTA KAREN XIMENA | CC 1007555656
2026-01-21 15:30:03,859 - INFO - ✅ AVILA GOMEZ JESSICA MARYURI | CC 1070970756
2026-01-21 15:30:04,060 - INFO - ✅ VILLAMIZAR GOMEZ ANGIE KARINA | CC 1090484559
2026-01-21 15:30:04,279 - INFO - ✅ ARBOLEDA LOAIZA MAYRA YULIETH | CC 1114830946
2026-01-21 15:30:04,476 - INFO - ✅ MANZANO ARCE JORGE ALEXIS | CC 1114821859
2026-01-21 15:30:04,693 - INFO - ✅ PASCUMAL GARCIA EVER ANTONIO | CC 16860973
2026-01-21 15:30:04,904 - INFO - ✅ RINCON RODRIGUEZ LUIS EDUARDO | CC 9694792
2026-01-21 15:30:05,118 - INFO - ✅ ESPARZA MARULANDA MANUEL EUSEBIO | CC 1114814607
2026-01-21 15:30:05,312 - INFO - ✅ ANGARITA RODRIGUEZ EDGAR | CC 16858373
2026-01-21 15:30:05,527 - INFO - ✅ CAMACHO VALENCIA ANGEL MARIA | CC 6646671
2026-01-21 15:30:05,723 - INFO - ✅ SANMIGUEL FUENTES JHON JAIRO | CC 5827590
2026-01-21 15:30:05,937 - INFO - ✅ MOSQUERA HERNANDEZ JEFFERSON | CC 14398330
2026-01-21 15:30:06,137 - INFO - ✅ MELO HERNANDEZ CLAUDIA MARITZA | CC 65706964
2026-01-21 15:30:06,359 - INFO - ✅ TINOCO CORREA JORGE ARNULFO | CC 93384807
2026-01-21 15:30:06,556 - INFO - ✅ VIRGUES VERA BIBIANA CONSUELO | CC 52979022
2026-01-21 15:30:06,764 - INFO - ✅ LORA DOMINGUEZ GREYS MARCELA | CC 1065640225
2026-01-21 15:30:06,961 - INFO - ✅ SANCHEZ CALDERON MAICOL STEVEN | CC 1006021069
2026-01-21 15:30:07,164 - INFO - ✅ HERNANDEZ TRIANA JORGE WILLIAM | CC 1110537025
2026-01-21 15:30:07,354 - INFO - ✅ DAZA SUESCUN MANUEL | CC 1105611168
2026-01-21 15:30:07,566 - INFO - ✅ SANCHEZ RODRIGUEZ OSCAR ALEXANDER | CC 1105684980
2026-01-21 15:30:07,763 - INFO - ✅ SUAREZ CACERES MARIO ARLEY | CC 1075250945
2026-01-21 15:30:07,973 - INFO - ✅ ORTIZ CORTEZ MAICOL ESTIVEN | CC 1075276907
2026-01-21 15:30:08,166 - INFO - ✅ RAMOS PERALTA JOSE FAEL | CC 1079174837
2026-01-21 15:30:08,373 - INFO - ✅ VARGAS SALGADO JOHAN SANTIAGO | CC 1075297921
2026-01-21 15:30:08,572 - INFO - ✅ CONDE SOLORZANO JUAN DAVID | CC 1075287421
2026-01-21 15:30:08,778 - INFO - ✅ MEDINA LIZCANO DUBER FABIAN | CC 1006517706
2026-01-21 15:30:08,977 - INFO - ✅ BAHOZ MUNOZ HERMES | CC 6532638
2026-01-21 15:30:09,181 - INFO - ✅ ALEGRIA YELA JOSE LUIS | CC 1116160131
2026-01-21 15:30:09,370 - INFO - ✅ FIGUEROA CORAL MILTON OLMEDO | CC 1084846283
2026-01-21 15:30:09,572 - INFO - ✅ VARON IZQUIERDO MARIA MONICA | CC 1116157671
2026-01-21 15:30:09,779 - INFO - ✅ ARANGO HURTADO MARLIN YOHANA | CC 1118284600
2026-01-21 15:30:09,993 - INFO - ✅ VIVAS ROJAS SEBASTIAN | CC 1115082624
2026-01-21 15:30:10,186 - INFO - ✅ SANCHEZ MENDEZ JOHAN TOMAS | CC 1095178284
2026-01-21 15:30:10,389 - INFO - ✅ HERNANDEZ GOMEZ YULY ANDREA | CC 1038062408
2026-01-21 15:30:10,594 - INFO - ✅ CORREA OCHOA INGRID JOHANA | CC 1035389782
2026-01-21 15:30:10,798 - INFO - ✅ GALLEGO HINCAPIE LUCIELA | CC 1035389321
2026-01-21 15:30:10,990 - INFO - ✅ MONTOYA PULGARIN YULI LORENA | CC 43181681
2026-01-21 15:30:11,195 - INFO - ✅ MONTES MONTOYA ESTEFANY JOHANA | CC 1096244903
2026-01-21 15:30:11,390 - INFO - ✅ MONSALVE MONSALVE PAOLA ANDREA | CC 1035391631
2026-01-21 15:30:11,608 - INFO - ✅ SIERRA PASOS MARIA JOSE | CC 1001738864
2026-01-21 15:30:11,845 - INFO - ✅ ACEVEDO CARMONA JOSE DAVID | CC 1035392337
2026-01-21 15:30:12,060 - INFO - ✅ ROJAS ALZATE JORGE IVAN | CC 71173436
2026-01-21 15:30:12,256 - INFO - ✅ DUQUE CASTRILLON RAUL ANTONIO | CC 1035389026
2026-01-21 15:30:12,472 - INFO - ✅ VALENCIA CASTANO OSVALDO ANIBAL | CC 71795047
2026-01-21 15:30:12,665 - INFO - ✅ GOMEZ MUNETON NELSON ALBERTO | CC 71173887
2026-01-21 15:30:12,872 - INFO - ✅ AGUDELO PATINO WILDER ALEXANDER | CC 71175454
2026-01-21 15:30:13,080 - INFO - ✅ RIOS RAMIREZ BRAHYAN ANDRES | CC 1035391659
2026-01-21 15:30:13,284 - INFO - ✅ GALVIZ FRANCO JUAN ESTEBAN | CC 1007757838
2026-01-21 15:30:13,482 - INFO - ✅ RENGIFO CARDENAS JAIRO JAVIER | CC 1130947539
2026-01-21 15:30:13,690 - INFO - ✅ OREJUELA BRAND LUCERO | CC 1061433618
2026-01-21 15:30:13,894 - INFO - ✅ LERMA CUERO KAREN DAYANA | CC 1007094406
2026-01-21 15:30:14,143 - INFO - ✅ SARASTY VIDAL MERLIN DAYANA | CC 1130950406
2026-01-21 15:30:14,342 - INFO - ✅ CAMPO OREJUELA LINA LUCIA | CC 1059067255
2026-01-21 15:30:14,556 - INFO - ✅ BARRAGAN GAVIRIA CARLOS JAVIER | CC 1082779764
2026-01-21 15:30:14,756 - INFO - ✅ TAPIERO CABALLERO JHON JAIDER | CC 1006156268
2026-01-21 15:30:14,965 - INFO - ✅ GOMEZ GALINDEZ ROBINSON DIDIER | CC 1058974413
2026-01-21 15:30:15,162 - INFO - ✅ RAMOS VARGAS ARNOVIS MANUEL | CC 1073986189
2026-01-21 15:30:15,369 - INFO - ✅ SANTANA MURCIA MICHEL ANDREY | CC 1003826690
2026-01-21 15:30:15,560 - INFO - ✅ DIAZ LOAIZA JOSE CEDIEL | CC 1005726030
2026-01-21 15:30:15,762 - INFO - ✅ HERRERA REYES RICHARD ANDRES | CC 1114459509
2026-01-21 15:30:15,958 - INFO - ✅ BELTRAN BOLANOS ALEX | CC 1061985670
2026-01-21 15:30:16,164 - INFO - ✅ VALENCIA SINISTERRA EDWIN ANDREY | CC 1089794213
2026-01-21 15:30:16,359 - INFO - ✅ VASQUEZ BALANTA YIRETH KARINA | CC 1112479870
2026-01-21 15:30:16,575 - INFO - ✅ BUSTAMANTE CANGA VICTOR HUGO | CC 1111739764
2026-01-21 15:30:16,765 - INFO - ✅ CHARRY MAYOR ANGELICA MARIA | CC 1130632778
2026-01-21 15:30:16,972 - INFO - ✅ USME NEGRETE STEPHANIA | CC 1000076606
2026-01-21 15:30:17,163 - INFO - ✅ CABEZAS SANCHEZ NILSON YHAIR | CC 1006188976
2026-01-21 15:30:17,367 - INFO - ✅ FIGUEROA RAMIREZ MARY LUZ | CC 1118283587
2026-01-21 15:30:17,582 - INFO - ✅ MONCAYO POSADA KAREN JULIET | CC 1130622062
2026-01-21 15:30:17,788 - INFO - ✅ ARRECHEA PALACIOS KAREN JOHANNA | CC 1144067346
2026-01-21 15:30:17,987 - INFO - ✅ PENCUE MARTINEZ DANIEL FERNANDO | CC 1002855522
2026-01-21 15:30:18,190 - INFO - ✅ MEJIA GONZALEZ MAYERLIN | CC 1113527240
2026-01-21 15:30:18,383 - INFO - ✅ MONTENEGRO MEJIA JEAN CARLOS | CC 1114898908
2026-01-21 15:30:18,598 - INFO - ✅ ANDRADE VALENZUELA LUCERITO | CC 1002919076
2026-01-21 15:30:18,795 - INFO - ✅ PEREZ AYALA MAYRA ALEJANDRA | CC 1130594322
2026-01-21 15:30:19,008 - INFO - ✅ VELEZ GOMEZ GINA TATIANA | CC 1151938206
2026-01-21 15:30:19,205 - INFO - ✅ ZUNIGA CUERO MONICA PAOLA | CC 1130643045
2026-01-21 15:30:19,412 - INFO - ✅ HERNANDEZ BADEL JESSICA | CC 1151954801
2026-01-21 15:30:19,611 - INFO - ✅ SOLIS GIL DIANA MARCELA | CC 1118289020
2026-01-21 15:30:19,818 - INFO - ✅ CAMPO MARIA ISABEL | CC 1130632526
2026-01-21 15:30:20,015 - INFO - ✅ GIRALDO BOLANOS ORIANA | CC 38601056
2026-01-21 15:30:20,216 - INFO - ✅ CORREA CASTRO JESSICA | CC 1144131166
2026-01-21 15:30:20,412 - INFO - ✅ NARVAEZ JOSE DAVID | CC 16451798
2026-01-21 15:30:20,638 - INFO - ✅ GIRALDO BEDOYA MIGUEL ANGEL | CC 1109545254
2026-01-21 15:30:20,835 - INFO - ✅ LOPEZ ASPRILLA KIMBERLY | CC 1113516080
2026-01-21 15:30:21,059 - INFO - ✅ LOPEZ DUSSAN GABRIEL ANDRES | CC 1110365910
2026-01-21 15:30:21,257 - INFO - ✅ ARBOLEDA TIPAZ VALENTINA | CC 1113979535
2026-01-21 15:30:21,480 - INFO - ✅ SANCHEZ CASTILLO ISABELA | CC 1113513628
2026-01-21 15:30:21,671 - INFO - ✅ RIASCO CAICEDO ALISAN | CC 1007571803
2026-01-21 15:30:21,912 - INFO - ✅ BUSTAMANTE OLAYA JAIR | CC 1017143372
2026-01-21 15:30:22,110 - INFO - ✅ CARMONA PUERTA ELIAN ANDRES | CC 1007506142
2026-01-21 15:30:22,325 - INFO - ✅ VASQUEZ EDWAR ESNEIDER | CC 71452134
2026-01-21 15:30:22,518 - INFO - ✅ MORENO CASSO JUAN PABLO | CC 1112041545
2026-01-21 15:30:22,729 - INFO - ✅ GUERRERO ABADIA NATALIA | CC 1110043160
2026-01-21 15:30:22,940 - INFO - ✅ PACHECO CASTILLO JOHN ALEXANDER | CC 1107043652
2026-01-21 15:30:23,153 - INFO - ✅ AGRONO LEDEZMA OSCAR DAVID | CC 1110368504
2026-01-21 15:30:23,348 - INFO - ✅ GARZON GARZON MICHAEL STEVEN | CC 1105461086
2026-01-21 15:30:23,558 - INFO - ✅ URREA MESTRA JHON ESNEYDER | CC 1104937580
2026-01-21 15:30:23,748 - INFO - ✅ SEGURA RIVAS JUAN DAVID | CC 1114621032
2026-01-21 15:30:23,981 - INFO - ✅ VARGAS MEJIA MIGUEL | CC 80087436
2026-01-21 15:30:24,197 - INFO - ✅ ALBA SANTA LAURA STEFANE | CC 1019028767
2026-01-21 15:30:24,470 - INFO - ✅ GUERRERO SUAREZ JUAN PABLO | CC 80086617
2026-01-21 15:30:24,672 - INFO - ✅ OROZCO SADOVNIK JOSE FERNANDO | CC 6105742
2026-01-21 15:30:24,935 - INFO - ✅ MONTOYA CLAVIJO MARIA RUBELIA | CC 43157816
2026-01-21 15:30:25,150 - INFO - ✅ GAVIRIA ZAMORA NAZLY | CC 1143856717
2026-01-21 15:30:25,349 - INFO - ✅ QUINONES DUQUE JUAN ANDRES | CC 1006171952
2026-01-21 15:30:25,544 - INFO - ✅ VILLALOBOS FIGUEROA MARLON ARTURO | CC 1002971051
2026-01-21 15:30:25,754 - INFO - ✅ GALLEGO PALOMINO JULIAN ANDRES | CC 1143863503
2026-01-21 15:30:25,959 - INFO - ✅ ERAZO PASTUZANO MONICA ALEXANDRA | CC 31968314
2026-01-21 15:30:26,163 - INFO - ✅ LAVERDE GARCIA DILAN STEVEN | CC 1107521088
2026-01-21 15:30:26,352 - INFO - ✅ SARMIENTO ARIAS ANGELA ROXANA | CC 1015468122
2026-01-21 15:30:26,556 - INFO - ✅ GOMEZ RAMIREZ VALENTINA | CC 1193549084
2026-01-21 15:30:26,747 - INFO - ✅ CORTES PRECIADO NAJIBE ESTEFANY | CC 1144192563
2026-01-21 15:30:26,971 - INFO - ✅ LARRAHONDO VALENCIA ELIZABETH | CC 1002948412
2026-01-21 15:30:27,168 - INFO - ✅ LUNA CHILITO NICOLL DANIELA | CC 1058932302
2026-01-21 15:30:27,377 - INFO - ✅ BALANTA ROJAS YENIFER | CC 1007590920
2026-01-21 15:30:27,580 - INFO - ✅ GALEANO GARCIA MARIA JOSE | CC 1033182510
2026-01-21 15:30:27,783 - INFO - ✅ HURTADO CAPOTE ANGIE TATIANA | CC 1006171162
2026-01-21 15:30:27,981 - INFO - ✅ RODRIGUEZ ROMO STHEFANY | CC 1004572515
2026-01-21 15:30:28,185 - INFO - ✅ CASTILLO GARCIA LUISA FERNANDA | CC 1006171468
2026-01-21 15:30:28,381 - INFO - ✅ BERMUDEZ COBO ANGELA MARIA | CC 1193142834
2026-01-21 15:30:28,588 - INFO - ✅ VIVEROS ANA ISABELLA | CC 1110366686
2026-01-21 15:30:28,782 - INFO - ✅ DIAZ COLORADO LADY JOHANNA | CC 1130680296
2026-01-21 15:30:28,991 - INFO - ✅ POLANCO ASTAIZA DIANA MARCELA | CC 1118304990
2026-01-21 15:30:29,181 - INFO - ✅ COLLAZOS ARANGO ANGIE LIZZETH | CC 1144049186
2026-01-21 15:30:29,387 - INFO - ✅ FERNANDEZ BECERRA GUSTAVO ADOLFO | CC 94304627
2026-01-21 15:30:29,598 - INFO - ✅ LENIS CAICEDO OSCAR ANDRES | CC 94456747
2026-01-21 15:30:29,801 - INFO - ✅ BALOYES PATINO ZHARICK | CC 1013341533
2026-01-21 15:30:29,992 - INFO - ✅ GUERRA QUINONES MIGUEL ANGEL | CC 1006035859
2026-01-21 15:30:30,195 - INFO - ✅ MENZA PALMA JUAN MANUEL | CC 1107845057
2026-01-21 15:30:30,386 - INFO - ✅ RAMOS VELEZ DIANA CAROLINA | CC 1005832557
2026-01-21 15:30:30,598 - INFO - ✅ ZULUAGA VASQUEZ VALENTINA | CC 1006035618
2026-01-21 15:30:30,793 - INFO - ✅ RAMIREZ MONTENEGRO ANGELA NATHALIA | CC 1005832267
2026-01-21 15:30:31,011 - INFO - ✅ CHOCUE RODRIGUEZ LUIS STEBAN | CC 1112039941
2026-01-21 15:30:31,209 - INFO - ✅ OREJUELA TABIMA MARIANA | CC 1111481502
2026-01-21 15:30:31,422 - INFO - ✅ OSPINA BENITEZ JULIANA | CC 1105368927
2026-01-21 15:30:31,613 - INFO - ✅ MARIN GUTIERREZ DANIELA | CC 1107524776
2026-01-21 15:30:31,860 - INFO - ✅ FIGUEROA DELGADO KAREN ELIANA | CC 1016077819
2026-01-21 15:30:32,059 - INFO - ✅ CASTRO RAMIREZ FABIAN ANDRES | CC 1105678255
2026-01-21 15:30:32,272 - INFO - ✅ GALEANO GUZMAN JORGE ANEIDER | CC 5837994
2026-01-21 15:30:32,467 - INFO - ✅ CAICEDO VELASQUEZ BRAYAN STIF | CC 1234641895
2026-01-21 15:30:32,670 - INFO - ✅ NINO MENDOZA JUAN DAVID | CC 1070613934
2026-01-21 15:30:32,864 - INFO - ✅ NUNEZ MARTINEZ JORCH DEIVI | CC 1005771009
2026-01-21 15:30:33,074 - INFO - ✅ CANIZALES NUNEZ CESAR FABIAN | CC 1110532413
2026-01-21 15:30:33,270 - INFO - ✅ LOZANO AVILEZ JOUR ELIECER | CC 1032247665
2026-01-21 15:30:33,485 - INFO - ✅ BELTRAN RIVERA MICHAEL | CC 1005716643
2026-01-21 15:30:33,676 - INFO - ✅ MARTINEZ SANCHEZ JULIAN ANDRES | CC 1049635540
2026-01-21 15:30:33,896 - INFO - ✅ BARRAGAN ANGARITA SAMUEL | CC 5993194
2026-01-21 15:30:34,100 - INFO - ✅ ROMERO GORDILLO VICTOR ALFONSO | CC 1110492928
2026-01-21 15:30:34,312 - INFO - ✅ LEAL TIBAQUIRA JOHN ALEXANDER | CC 1105678897
2026-01-21 15:30:34,519 - INFO - ✅ MALDONADO VACA FRAY DANIAN | CC 1110555271
2026-01-21 15:30:34,740 - INFO - ✅ LINARES CARVAJAL MYCHAEL | CC 1070705180
2026-01-21 15:30:34,965 - INFO - ✅ ROMERO HERRERA EDWIN | CC 7926074
2026-01-21 15:30:35,177 - INFO - ✅ REALPE DELGADO JONNY FABIAN | CC 1097398519
2026-01-21 15:30:35,370 - INFO - ✅ GUTIERREZ CLAVIJO KAREN ANGELICA | CC 1112784535
2026-01-21 15:30:35,578 - INFO - ✅ VARON HERNANDEZ YONATHAN STIVEN | CC 1110598688
2026-01-21 15:30:35,770 - INFO - ✅ CRUZ SILVA CENEN HERNAN | CC 79095200
2026-01-21 15:30:35,979 - INFO - ✅ OCHOA ZABALA CRISTIAN FABIAN | CC 1110542116
2026-01-21 15:30:36,179 - INFO - ✅ LUGO MURILLO YONATHAN | CC 1105673769
2026-01-21 15:30:36,382 - INFO - ✅ VALENCIA GALVIS JHON JAIDER | CC 1005771303
2026-01-21 15:30:36,595 - INFO - ✅ RODRIGUEZ MONTENEGRO AURELIO | CC 1070596729
2026-01-21 15:30:36,805 - INFO - ✅ MARTINEZ VELASQUEZ NELSON ASDRUBAL | CC 80729617
2026-01-21 15:30:37,005 - INFO - ✅ CRUZ TOQUICA DUBERNEY | CC 1110493333
2026-01-21 15:30:37,251 - INFO - ✅ OSPINO SANDOVAL PEDRO MANUEL | CC 1084745277
2026-01-21 15:30:37,461 - INFO - ✅ USECHE MONTANA REINALDO | CC 79720845
2026-01-21 15:30:37,678 - INFO - ✅ PERDOMO DIAZ LUIS ANDREY | CC 1007658214
2026-01-21 15:30:37,867 - INFO - ✅ PEREZ CARDOZO YESMAN RICARDO | CC 93414407
2026-01-21 15:30:38,087 - INFO - ✅ MARIN PARRA JORGE HERNANDO | CC 1105612882
2026-01-21 15:30:38,283 - INFO - ✅ ALBORNOZ GONZALEZ JOHN JAIRO | CC 79057455
2026-01-21 15:30:38,489 - INFO - ✅ QUITIAN TELLEZ KAREN JULIETH | CC 1109265476
2026-01-21 15:30:38,686 - INFO - ✅ ROSERO VASQUEZ SILVIA ELENA | CC 38556050
2026-01-21 15:30:38,900 - INFO - ✅ PRADA ZARTA NATALIA PATRICIA | CC 1109264911
2026-01-21 15:30:39,126 - INFO - ✅ LOPEZ BONILLA CRISTIAN DAVID | CC 1010115914
2026-01-21 15:30:39,336 - INFO - ✅ BOTACHE SOTO INGRID LIZZETH | CC 1110591617
2026-01-21 15:30:39,552 - INFO - ✅ GIRALDO CANAL SANTIAGO | CC 1005717207
2026-01-21 15:30:39,772 - INFO - ✅ SALAZAR BENITEZ JUAN JOSE | CC 1110498295
2026-01-21 15:30:39,978 - INFO - ✅ ESTRADA RODRIGUEZ EDITH PATRICIA | CC 1105612494
2026-01-21 15:30:40,199 - INFO - ✅ PALACIO PEREZ SERGIO ENRIQUE | CC 98487711
2026-01-21 15:30:40,392 - INFO - ✅ DIAZ ALCANTAR LUIS CARLOS | CC 1120559797
2026-01-21 15:30:40,605 - INFO - ✅ BENEDETTI RAMOS MARIO ANDRES | CC 83169552
2026-01-21 15:30:40,795 - INFO - ✅ CORTES ESCOBAR KEVIN IVAN | CC 1094955950
2026-01-21 15:30:41,003 - INFO - ✅ JAIR TAPIERO | CC 6013413
2026-01-21 15:30:41,199 - INFO - ✅ RODRIGUEZ AVILAN ESNEIDER | CC 79960612
2026-01-21 15:30:41,417 - INFO - ✅ CRUZ LOZANO OMAR RAMIRO | CC 93299063
2026-01-21 15:30:41,620 - INFO - ✅ OSPINA RODRIGUEZ VLADIMIR | CC 1110462348
2026-01-21 15:30:41,884 - INFO - ✅ BARRERO MURILLO FERNEY | CC 93132587
2026-01-21 15:30:42,085 - INFO - ✅ QUINTANA GUEVARA PEDRO LUIS | CC 14398644
2026-01-21 15:30:42,309 - INFO - ✅ BARRIOS MUNOZ DIEGO ANDRES | CC 1000062701
2026-01-21 15:30:42,507 - INFO - ✅ JIMENEZ LOPERA OSCAR MAURICIO | CC 1110497128
2026-01-21 15:30:42,718 - INFO - ✅ SIERRA CARTAGENA EDGAR | CC 93122997
2026-01-21 15:30:42,916 - INFO - ✅ SOTO PLAZAS JOSE EDGAR | CC 93126152
2026-01-21 15:30:43,132 - INFO - ✅ MONTANO RODRIGUEZ DUVAN DARIO | CC 1192726589
2026-01-21 15:30:43,324 - INFO - ✅ BARRERO GOMEZ EUCLIDES | CC 93133168
2026-01-21 15:30:43,539 - INFO - ✅ ACOSTA CABEZAS JUAN CARLOS | CC 5826036
2026-01-21 15:30:43,730 - INFO - ✅ GUAPACHO BARRERO NELSON HUMBERTO | CC 93124496
2026-01-21 15:30:43,987 - INFO - ✅ BEDOYA CONDE SIGIFREDO | CC 5819548
2026-01-21 15:30:44,187 - INFO - ✅ GARZON SANCHEZ ANDRES CAMILO | CC 1110588528
2026-01-21 15:30:44,430 - INFO - ✅ RIVERA GARCIA EDWIN | CC 93399180
2026-01-21 15:30:44,680 - INFO - ✅ DIAZ OLIVAR IVAN RENE | CC 1105680962
2026-01-21 15:30:44,961 - INFO - ✅ LLANOS HERNANDEZ LEANDRO MIGUEL ALEXI | CC 1075240107
2026-01-21 15:30:45,186 - INFO - ✅ OYOLA BARRETO IVAN CAMILO | CC 1110584709
2026-01-21 15:30:45,432 - INFO - ✅ CASTELLANOS GERENA HECTOR JAVIER | CC 1105613687
2026-01-21 15:30:45,640 - INFO - ✅ MARTINEZ VERA BRAYAN DAVID | CC 1106790258
2026-01-21 15:30:45,928 - INFO - ✅ BECERRA DIAZ JUAN SEBASTIAN | CC 1110589484
2026-01-21 15:30:46,129 - INFO - ✅ DUCUARA DUCUARA JOSE JEIBER | CC 1110468532
2026-01-21 15:30:46,336 - INFO - ✅ MURCIA LOPEZ KEDIN FABIAN | CC 1117547996
2026-01-21 15:30:46,536 - INFO - ✅ ARCE GUTIERREZ WILLES JHOLNEY | CC 1110566479
2026-01-21 15:30:46,740 - INFO - ✅ LOPEZ GONZALEZ SAMUEL | CC 1111814944
2026-01-21 15:30:46,933 - INFO - ✅ CASTANO ACOSTA MAURICIO ALFONSO | CC 1144050006
2026-01-21 15:30:47,137 - INFO - ✅ GUTIERREZ RAMIREZ KEVIN JAIR | CC 1070587026
2026-01-21 15:30:47,326 - INFO - ✅ RUIZ GUZMAN JUAN PABLO | CC 1110442321
2026-01-21 15:30:47,533 - INFO - ✅ ZAPATA CARRILLO IVAN DAVID | CC 1065645136
2026-01-21 15:30:47,723 - INFO - ✅ EDISSON BONILLA | CC 5824262
2026-01-21 15:30:47,946 - INFO - ✅ GUARIN GALVIZ JHON FABER | CC 1105871706
2026-01-21 15:30:48,137 - INFO - ✅ RAMIREZ GASCA JHOAN SEBASTIAN | CC 1005718973
2026-01-21 15:30:48,344 - INFO - ✅ HERRAN VILLANUEVA JOHN ESTEBAN | CC 1007492198
2026-01-21 15:30:48,545 - INFO - ✅ RODRIGUEZ BARRERO GUSTAVO ADOLFO | CC 1110505199
2026-01-21 15:30:48,753 - INFO - ✅ CORZO PARRA JHOAN ALIRIO | CC 1102717201
2026-01-21 15:30:48,949 - INFO - ✅ MARTINEZ PEREZ HOLMAN EMIR | CC 1193533738
2026-01-21 15:30:49,154 - INFO - ✅ ANDRADE URIBE EDWIN GUSTAVO | CC 1110463175
2026-01-21 15:30:49,345 - INFO - ✅ GONZALEZ ROMERO LUIS ALEJANDRO | CC 93239066
2026-01-21 15:30:49,551 - INFO - ✅ CALDERON SANDOVAL ANDRES FABIAN | CC 1070584880
2026-01-21 15:30:49,748 - INFO - ✅ NOGUERA TORRES EDWIN JOHAN | CC 1109266371
2026-01-21 15:30:49,955 - INFO - ✅ GALVIZ ROJAS DAVID RICARDO | CC 1022337399
2026-01-21 15:30:50,149 - INFO - ✅ LOZANO JEISON SMITH | CC 1105683319
2026-01-21 15:30:50,348 - INFO - ✅ SANCHEZ TAFUR JAIME ALEXANDER | CC 93132082
2026-01-21 15:30:50,549 - INFO - ✅ MONTEALEGRE ZARTA JHON FREDY | CC 1109265234
2026-01-21 15:30:50,754 - INFO - ✅ MONTIEL RUBEN DARIO | CC 1110461198
2026-01-21 15:30:50,953 - INFO - ✅ QUIROGA MENDEZ ROBINSON ELIUD | CC 1110517965
2026-01-21 15:30:51,157 - INFO - ✅ RUIZ GARZON ARIEL DUVAN | CC 1007384707
2026-01-21 15:30:51,353 - INFO - ✅ VARGAS GARCIA YEISSON JAVIER | CC 1023910509
2026-01-21 15:30:51,563 - INFO - ✅ CAICEDO GONZALEZ BALENTINA | CC 1234642409
2026-01-21 15:30:51,777 - INFO - ✅ VARGAS BECERRA MARIANA | CC 66995847
2026-01-21 15:30:52,006 - INFO - ✅ GARCIA MEDINA KAREM DAHYANA | CC 1005853575
2026-01-21 15:30:52,197 - INFO - ✅ MEDINA GARCIA DAVID LEONARDO | CC 1102366182
2026-01-21 15:30:52,403 - INFO - ✅ MENDEZ CARDENAS LIZETH VANESSA | CC 1109265897
2026-01-21 15:30:52,596 - INFO - ✅ ALBA ESPINOSA ANDREA MARSELA | CC 1010212253
2026-01-21 15:30:52,806 - INFO - ✅ PRADA MEDINA LINDA JHOANA | CC 1110539508
2026-01-21 15:30:53,006 - INFO - ✅ CARVAJAL MARIN JULIAN ANDRES | CC 1035388475
2026-01-21 15:30:53,214 - INFO - ✅ CARMONA BARRIENTOS YOVANNI | CC 1035389213
2026-01-21 15:30:53,409 - INFO - ✅ ACEVEDO GARCIA EDWIN ALEXANDER | CC 1037500962
2026-01-21 15:30:53,610 - INFO - ✅ PERDOMO VARGAS FREDIT DIDIER | CC 83254671
2026-01-21 15:30:53,811 - INFO - ✅ NUNEZ HERRERA JOAN ANCIZAR | CC 1004063156
2026-01-21 15:30:54,030 - INFO - ✅ ROJAS GONZALEZ JULIAN ANDRES | CC 1075312547
2026-01-21 15:30:54,233 - INFO - ✅ ANDRADE BETANCUR WILLIAM | CC 7727047
2026-01-21 15:30:54,442 - INFO - ✅ MARROQUIN SABOGAL LUIS ARTURO | CC 7700978
2026-01-21 15:30:54,636 - INFO - ✅ VALDERRAMA MENDEZ ELKIN FABIAN | CC 1083839496
2026-01-21 15:30:54,844 - INFO - ✅ PUERTO MUNOZ VALENTINA | CC 1192771665
2026-01-21 15:30:55,050 - INFO - ✅ MANDINGA CANCHIMBO ANGIE VANESSA | CC 1109189935
2026-01-21 15:30:55,254 - INFO - ✅ MUNOZ MENESES JACKELINE | CC 1113646436
2026-01-21 15:30:55,458 - INFO - ✅ PALACIOS FAJARDO JOSE DARIO | CC 1130663816
2026-01-21 15:30:55,671 - INFO - ✅ JIMENEZ GOMEZ KATHERINNE DAYHANA | CC 38565868
2026-01-21 15:30:55,862 - INFO - ✅ GARCIA SAA CRUZ DEL CARMEN | CC 1066839314
2026-01-21 15:30:56,076 - INFO - ✅ MOSQUERA PRIETO SEBASTIAN ANDRES | CC 1062318102
2026-01-21 15:30:56,270 - INFO - ✅ ANGULO CHANTRE JHON ALEXANDER | CC 1020821111
2026-01-21 15:30:56,480 - INFO - ✅ LUNA ALEGRIA OSCAR EDUARDO | CC 1144069046
2026-01-21 15:30:56,672 - INFO - ✅ SALAZAR ORJUELA PAULA ANDREA | CC 29115038
2026-01-21 15:30:56,879 - INFO - ✅ FIESCO OSPINA ANYI VANESSA | CC 1144197383
2026-01-21 15:30:57,071 - INFO - ✅ SANCHEZ FAJARDO JUAN FELIPE | CC 1007342774
2026-01-21 15:30:57,274 - INFO - ✅ OJEDA NARVAEZ LUIS DAVID | CC 1144098461
2026-01-21 15:30:57,463 - INFO - ✅ SALCEDO VALOIS JUAN CAMILO | CC 1077478527
2026-01-21 15:30:57,675 - INFO - ✅ ZUNIGA GUEVARA DIEGO ALBERTO | CC 1111539874
2026-01-21 15:30:57,866 - INFO - ✅ CASTRO VILLAQUIRAN MICHELL DAYANA | CC 1006181274
2026-01-21 15:30:58,078 - INFO - ✅ MUNOZ NARVAEZ SANDRA LORENA | CC 1114734978
2026-01-21 15:30:58,290 - INFO - ✅ JAIMES RAMIREZ ERIKA | CC 1098676855
2026-01-21 15:30:58,509 - INFO - ✅ CAJIAO OCAMPO BRYAN ALEXANDER | CC 1143824255
2026-01-21 15:30:58,700 - INFO - ✅ RANGEL SANABRIA LAURA MAYERLI | CC 1098670961
2026-01-21 15:30:58,911 - INFO - ✅ VERA MARTINEZ JOHANNA | CC 31578971
2026-01-21 15:30:59,110 - INFO - ✅ LUNA GALVIS JULIO MARTIN | CC 1144212728
2026-01-21 15:30:59,314 - INFO - ✅ SANCHEZ RAMIREZ KARINA | CC 1144176326
2026-01-21 15:30:59,512 - INFO - ✅ DELGADO SANDOVAL JHONATAN DAVID | CC 1004598840
2026-01-21 15:30:59,724 - INFO - ✅ CHILO SOSCUE SANTIAGO | CC 1107834867
2026-01-21 15:30:59,919 - INFO - ✅ YOTUMBO ZAMBRANO NICOLL DANIELA | CC 1112151080
2026-01-21 15:31:00,134 - INFO - ✅ MARTINEZ GUERRA ANGELA MARITZA | CC 1086418405
2026-01-21 15:31:00,331 - INFO - ✅ CAMPAZ SANCHEZ VERONICA | CC 1006184273
2026-01-21 15:31:00,539 - INFO - ✅ SALGUERO GOMEZ LILLEY KARINA | CC 38888672
2026-01-21 15:31:00,730 - INFO - ✅ SANCHEZ CASTILLO JOSE DAVID | CC 1113525598
2026-01-21 15:31:00,949 - INFO - ✅ DURAN LOBATON YHON FAIBER | CC 1077841006
2026-01-21 15:31:01,154 - INFO - ✅ CEDIEL LOBATON KAREN LIZETH | CC 1003966762
2026-01-21 15:31:01,359 - INFO - ✅ GUILLERMO CEDENO INGRID ZULAY | CC 1077871898
2026-01-21 15:31:01,557 - INFO - ✅ TORRES MURILLO GINA DANIELA | CC 1077859796
2026-01-21 15:31:01,829 - INFO - ✅ VALLEJO CASTANEDA YEIMI ZOLANYI | CC 1193104477
2026-01-21 15:31:02,036 - INFO - ✅ PALOMINO MENDOZA MELISSA KETHERINE | CC 1080186921
2026-01-21 15:31:02,241 - INFO - ✅ SARMIENTO JOHANA EUGENIA | CC 55062926
2026-01-21 15:31:02,439 - INFO - ✅ VARGAS PIEDRAHITA SEBASTIAN | CC 1017925147
2026-01-21 15:31:02,647 - INFO - ✅ DIAZ TRUJILLO NATALIA | CC 1077869735
2026-01-21 15:31:02,842 - INFO - ✅ GUZMAN CHAVARRO AURA CRISTINA | CC 1004156514
2026-01-21 15:31:03,072 - INFO - ✅ GARCIA VEGA ALADIER | CC 1004147135
2026-01-21 15:31:03,266 - INFO - ✅ RAMOS MOTTA HERMANN JAVIER | CC 1077859000
2026-01-21 15:31:03,480 - INFO - ✅ CASTELLANOS AVILA REINA FERNANDA | CC 1077871446
2026-01-21 15:31:03,673 - INFO - ✅ ROJAS CALDERON ANDREA | CC 1084896049
2026-01-21 15:31:03,908 - INFO - ✅ VANEGAS BARON KAREN DANIELA | CC 1026306310
2026-01-21 15:31:04,111 - INFO - ✅ CADENA TOVAR LUIS FERNANDO | CC 12202993
2026-01-21 15:31:04,331 - INFO - ✅ GUTIERREZ LOPEZ WENDY SOFIA | CC 1007525347
2026-01-21 15:31:04,526 - INFO - ✅ CHAVARRO CALDERON LUZ STELLA | CC 1080183510
2026-01-21 15:31:04,735 - INFO - ✅ PEREZ RAMON JUANA VALENTINA | CC 1003965969
2026-01-21 15:31:04,977 - INFO - ✅ FIGUEROA TORO KATERINE | CC 1080180767
2026-01-21 15:31:05,219 - INFO - ✅ PENAGOS OCHOA JULIAN CAMILO | CC 1110562057
2026-01-21 15:31:05,477 - INFO - ✅ NASAYO CARVAJAL ELIANA MARCELA | CC 1081408173
2026-01-21 15:31:05,688 - INFO - ✅ GOMEZ HUELGOS LUISA FERNANDA | CC 1003993859
2026-01-21 15:31:05,907 - INFO - ✅ ALVAREZ PERDOMO LEIDY YULIETH | CC 26451126
2026-01-21 15:31:06,174 - INFO - ✅ PERDOMO CHAUX JHON EDINSON | CC 1075234032
2026-01-21 15:31:06,371 - INFO - ✅ URREGO DIAZ JHON ALEXANDER | CC 1122130664
2026-01-21 15:31:06,625 - INFO - ✅ CALDERON PALACIOS EDWIN FERNANDO | CC 1077861911
2026-01-21 15:31:06,819 - INFO - ✅ PENAGOS SALAZAR JOSE FRANCISCO | CC 1082216442
2026-01-21 15:31:07,041 - INFO - ✅ RIVERA MEDINA BRAYAN CAMILO | CC 1001274002
2026-01-21 15:31:07,241 - INFO - ✅ LEGUIZAMO PERDOMO LIBER ANDRES | CC 1077867309
2026-01-21 15:31:07,447 - INFO - ✅ NUNEZ ORTIZ NILDER ARQUIMEDES | CC 1081518036
2026-01-21 15:31:07,636 - INFO - ✅ FAJARDO GARCIA JOHAN SEBASTIAN | CC 1117552084
2026-01-21 15:31:07,843 - INFO - ✅ GAITAN CASTILLO ISRRAEL | CC 1077874102
2026-01-21 15:31:08,040 - INFO - ✅ ROMERO CARLOS ALIRIO | CC 80378238
2026-01-21 15:31:08,243 - INFO - ✅ LEON MORENO GERMAN ALFONSO | CC 1074415093
2026-01-21 15:31:08,438 - INFO - ✅ GARZON CORTES WILLIAM ANIBAL | CC 80378412
2026-01-21 15:31:08,651 - INFO - ✅ RODRIGUEZ GONZALEZ LEIDY ELIANA | CC 1069303404
2026-01-21 15:31:08,854 - INFO - ✅ MAYORGA VELASQUEZ DIANA ROCIO | CC 1069852476
2026-01-21 15:31:09,063 - INFO - ✅ LEON JIMENEZ SANDRA PATRICIA | CC 1074414072
2026-01-21 15:31:09,254 - INFO - ✅ JIMENEZ BELTRAN ANYI LISETH | CC 1074417285
2026-01-21 15:31:09,465 - INFO - ✅ BABATIVA URREGO ARNOLD ABDON | CC 1074417347
2026-01-21 15:31:09,657 - INFO - ✅ BARACALDO HIDALGO ONEIDA KARINA | CC 1074418067
2026-01-21 15:31:09,860 - INFO - ✅ PRIETO RODRIGUEZ MAURICIO ANDRES | CC 1007473792
2026-01-21 15:31:10,056 - INFO - ✅ ACERO GONZALEZ LISBETH MAYERSI | CC 1069853044
2026-01-21 15:31:10,265 - INFO - ✅ MARTIN BEJARANO NIDIA MARCELA | CC 1074416412
2026-01-21 15:31:10,461 - INFO - ✅ CUARAN CALDERON LUZ CIELO | CC 1069303049
2026-01-21 15:31:10,669 - INFO - ✅ RODRIGUEZ PINZON MARY LUZ | CC 20644812
2026-01-21 15:31:10,864 - INFO - ✅ LEON RINCON SANDRA MIREYA | CC 20638302
2026-01-21 15:31:11,092 - INFO - ✅ SASTOQUE PENALOZA LILIANA | CC 1069302831
2026-01-21 15:31:11,287 - INFO - ✅ RAMOS CHITIVA HUGO ARMANDO | CC 1069852991
2026-01-21 15:31:11,501 - INFO - ✅ VELASQUEZ BARRERA PAULA CAROLINA | CC 1069853364
2026-01-21 15:31:11,716 - INFO - ✅ LANCHEROS TOVAR RODRIGO | CC 86055670
2026-01-21 15:31:11,943 - INFO - ✅ RUIZ GARCIA NANCY YAMILE | CC 23438749
2026-01-21 15:31:12,137 - INFO - ✅ BOLIVAR CORTES LEIDY MANUELA | CC 1073607556
2026-01-21 15:31:12,342 - INFO - ✅ LUCUARA MOLANO ERIKA JOHANA | CC 1073534617
2026-01-21 15:31:12,541 - INFO - ✅ GARCIA LUZ MERY | CC 20796842
2026-01-21 15:31:12,748 - INFO - ✅ PINEDA CARRILLO SIRLEY | CC 1090425837
2026-01-21 15:31:12,947 - INFO - ✅ HERNANDEZ RIANO MARIA CONSTANZA | CC 1075666065
2026-01-21 15:31:13,147 - INFO - ✅ MORENO GUTIERREZ DIANA CAROLINA | CC 20923911
2026-01-21 15:31:13,341 - INFO - ✅ GONZALEZ DUARTE ANGIE NATALIA | CC 1070021791
2026-01-21 15:31:13,549 - INFO - ✅ GUZMAN VEGA LADY JOHANA | CC 1070305587
2026-01-21 15:31:13,746 - INFO - ✅ VIANCHA GAITAN MARTHA YANETH | CC 46377250
2026-01-21 15:31:13,985 - INFO - ✅ SALAMANCA CUBILLOS KAREN DANIELA | CC 1073516059
2026-01-21 15:31:14,179 - INFO - ✅ QUIROGA DUARTE SANDRA PATRICIA | CC 20626705
2026-01-21 15:31:14,388 - INFO - ✅ AVILA PENAGOS SUSAN CAMILA | CC 1007861134
2026-01-21 15:31:14,601 - INFO - ✅ GONZALEZ CASTANEDA LUZ FABIOLA | CC 52338545
2026-01-21 15:31:14,806 - INFO - ✅ BARRAGAN BERNAL MARIA ISABEL | CC 35479077
2026-01-21 15:31:15,000 - INFO - ✅ MONTES RUIZ RUTH MILENA | CC 35425040
2026-01-21 15:31:15,207 - INFO - ✅ JIMENEZ GOMEZ SANDRA PATRICIA | CC 35221064
2026-01-21 15:31:15,399 - INFO - ✅ SOCHA GARCIA JOSE LUIS | CC 1072710729
2026-01-21 15:31:15,622 - INFO - ✅ VARGAS REYES JULIAN ESTEBAN | CC 1002735455
2026-01-21 15:31:15,811 - INFO - ✅ LARA MIRANDA ERICK ENRIQUE | CC 1062426964
2026-01-21 15:31:16,018 - INFO - ✅ GARCIA RINCON DILAN SNEIDER | CC 1092038732
2026-01-21 15:31:16,223 - INFO - ✅ PACHON ALAYON JAIME DANIEL | CC 1007635197
2026-01-21 15:31:16,429 - INFO - ✅ ARDILA DUARTE JUAN DAVID | CC 1101018242
2026-01-21 15:31:16,626 - INFO - ✅ SUAREZ POVEDA SARA DANIELA | CC 1003882409
2026-01-21 15:31:16,831 - INFO - ✅ FAJARDO FORERO CAROLL YENNIFER | CC 35428990
2026-01-21 15:31:17,028 - INFO - ✅ BELTRAN PEREIRA DORIS MARIA | CC 1193411131
2026-01-21 15:31:17,239 - INFO - ✅ AREVALO RAMIREZ FABIAN ENRIQUE | CC 1033716485
2026-01-21 15:31:17,444 - INFO - ✅ CANCHON RIANO LUZ EDITH | CC 1070005906
2026-01-21 15:31:17,653 - INFO - ✅ SANCHEZ GOMEZ GLORIA ANDREA | CC 1018439778
2026-01-21 15:31:17,845 - INFO - ✅ BUSTOS CASTILLO ANDREA XIMENA | CC 1072710123
2026-01-21 15:31:18,056 - INFO - ✅ RIOS SANTANA KAREN DAYANA | CC 1075664095
2026-01-21 15:31:18,250 - INFO - ✅ BUSTOS CASTILLO MABY YANILE | CC 1007788912
2026-01-21 15:31:18,459 - INFO - ✅ BELTRAN SASTOQUE DUVAN FELIPE | CC 1072710423
2026-01-21 15:31:18,648 - INFO - ✅ SUAREZ CARRILLO MIRTA YINETH | CC 28919194
2026-01-21 15:31:18,852 - INFO - ✅ CARRASCAL BARRIENTOS ANDY RICHARD | CC 1062964638
2026-01-21 15:31:19,049 - INFO - ✅ ESCAMILLA VELASCO JESUS ESTEBAN | CC 1005452024
2026-01-21 15:31:19,262 - INFO - ✅ RUIZ TRIVINO JOHANA PATRICIA | CC 1075650692
2026-01-21 15:31:19,465 - INFO - ✅ ORTIZ OLARTE MARIA FERNANDA | CC 1084738623
2026-01-21 15:31:19,666 - INFO - ✅ POVEDA JIMENEZ LIDA VIVIANA | CC 1075673887
2026-01-21 15:31:19,861 - INFO - ✅ CASTILLO MONTANO MONICA CONSTANZA | CC 1003823189
2026-01-21 15:31:20,064 - INFO - ✅ SALGADO SIMANCA ANDREA CAROLINA | CC 1131314214
2026-01-21 15:31:20,254 - INFO - ✅ SANCHEZ FONSECA JULIETH ALEJANDRA | CC 1019983880
2026-01-21 15:31:20,464 - INFO - ✅ ALVAREZ CORREA NILSON DAVID | CC 1003065913
2026-01-21 15:31:20,653 - INFO - ✅ ORTIZ ALBARRACIN JULIAN STIVEN | CC 1053327349
2026-01-21 15:31:20,858 - INFO - ✅ YAGUE PETEVI YEISON ALEXIS | CC 1002980200
2026-01-21 15:31:21,050 - INFO - ✅ CUBIDES CABALLERO LEONARDO | CC 1006086217
2026-01-21 15:31:21,260 - INFO - ✅ TOLOZA JIMENEZ LUZ ENITH | CC 1063482942
2026-01-21 15:31:21,459 - INFO - ✅ ESLAVA CUEVAS SANDRA NUBIA | CC 1069098607
2026-01-21 15:31:21,664 - INFO - ✅ MONTANO QUIROGA YENIFER ALEJANDRA | CC 1075681510
2026-01-21 15:31:21,883 - INFO - ✅ BAUTISTA AVELLA CARLOS EDUARDO | CC 1072642262
2026-01-21 15:31:22,100 - INFO - ✅ SALAMANCA OSPINA MARIAPAZ | CC 1193075695
2026-01-21 15:31:22,294 - INFO - ✅ GARZON FAGUA PAULA ALEJANDRA | CC 1072699799
2026-01-21 15:31:22,502 - INFO - ✅ VELASQUEZ ROMERO FEDERICO | CC 1072653128
2026-01-21 15:31:22,691 - INFO - ✅ CUBILLOS GONZALEZ YURY KATHERINE | CC 1053324051
2026-01-21 15:31:22,900 - INFO - ✅ ORTIZ ALBARRACIN JUAN SEBASTIAN | CC 1053324222
2026-01-21 15:31:23,101 - INFO - ✅ GALINDO PEREZ SHARID MICHEL | CC 1012356786
2026-01-21 15:31:23,311 - INFO - ✅ SANCHEZ OROZCO CARIS IBETH | CC 49719522
2026-01-21 15:31:23,517 - INFO - ✅ RODRIGUEZ URREGO LAURA NATALIA | CC 1077091793
2026-01-21 15:31:23,717 - INFO - ✅ PALMA GARCIA JOHANA | CC 37271876
2026-01-21 15:31:23,925 - INFO - ✅ OSPINO LARREA IRIS ELENA | CC 1238339412
2026-01-21 15:31:24,137 - INFO - ✅ CARDENAL HERRERA HAIDER ARLEY | CC 1049606983
2026-01-21 15:31:24,331 - INFO - ✅ VARGAS RODRIGUEZ DARLY DAYANA | CC 1001093098
2026-01-21 15:31:24,551 - INFO - ✅ GOMEZ ROMERO ANGIE VERONICA | CC 1007781683
2026-01-21 15:31:24,742 - INFO - ✅ MONTOYA MORENO ALEJANDRO NICOLAS | CC 1000349552
2026-01-21 15:31:24,953 - INFO - ✅ RINCON ROZO NIDIA PATRICIA | CC 20892347
2026-01-21 15:31:25,164 - INFO - ✅ GARCIA RINCON MIGUEL ANGEL | CC 1070622982
2026-01-21 15:31:25,365 - INFO - ✅ GARZON RODRIGUEZ KAREN GINETH | CC 1074556022
2026-01-21 15:31:25,576 - INFO - ✅ SOTELO ARROYO ANGELICA MARIA | CC 1074005370
2026-01-21 15:31:25,785 - INFO - ✅ VELASQUEZ PEREIRA CATALINA | CC 1007781718
2026-01-21 15:31:25,977 - INFO - ✅ CHAVES AGUILAR MARIA LORENA | CC 1072672898
2026-01-21 15:31:26,177 - INFO - ✅ TORRES CANON ANDREA CAROLINA | CC 53140377
2026-01-21 15:31:26,369 - INFO - ✅ GALEANO MERCADO HUMBERTO ANTONIO | CC 1065004526
2026-01-21 15:31:26,577 - INFO - ✅ JIMENEZ CARDENAS CLAUDIA MILENA | CC 1002587651
2026-01-21 15:31:26,772 - INFO - ✅ LINERO VENERA VANESSA ALEXANDRA | CC 1082835158
2026-01-21 15:31:26,982 - INFO - ✅ TORRES ANA YOMAY | CC 27488026
2026-01-21 15:31:27,198 - INFO - ✅ RAMIREZ ROJAS DAYANA MICHEL | CC 1007105224
2026-01-21 15:31:27,403 - INFO - ✅ RAMIREZ MONTERO CHELCI YURLENY | CC 1000131513
2026-01-21 15:31:27,600 - INFO - ✅ BRAUSIN LOZANO LUIS EDUARDO | CC 1054557341
2026-01-21 15:31:27,806 - INFO - ✅ HERNANDEZ ZAMBRANO HAROLD ANDRES | CC 1110515966
2026-01-21 15:31:28,002 - INFO - ✅ RODRIGUEZ CASTANEDA GENNIFER DANIELA | CC 1072672641
2026-01-21 15:31:28,205 - INFO - ✅ ZAMORA RODRIGUEZ CARLOS ALBERTO | CC 79904735
2026-01-21 15:31:28,396 - INFO - ✅ BALLESTA BANDA ATILIO | CC 1063165686
2026-01-21 15:31:28,608 - INFO - ✅ PARDO AMAYA JORGE LUIS | CC 1099217797
2026-01-21 15:31:28,799 - INFO - ✅ RAMOS VARGAS ONALVIS JOSE | CC 1073983539
2026-01-21 15:31:29,013 - INFO - ✅ BARRAZA MARRIAGA JOSE MIGUEL | CC 1143136817
2026-01-21 15:31:29,203 - INFO - ✅ ESTUPINAN MEDRANO FREDY ALONSO | CC 1002462427
2026-01-21 15:31:29,408 - INFO - ✅ YEPES LONDONO ILSO MIGUEL | CC 1052700125
2026-01-21 15:31:29,608 - INFO - ✅ CORDOBA YEPES JOHANNA ESTELA | CC 39358660
2026-01-21 15:31:29,817 - INFO - ✅ BUSTAMANTE SALDARRIAGA ELKIN ALEJANDRO | CC 70326944
2026-01-21 15:31:30,020 - INFO - ✅ FORONDA VANEGAS LILIANA LUCIA | CC 39355801
2026-01-21 15:31:30,227 - INFO - ✅ SOTO QUINTERO LEYDY YOHANA | CC 39359123
2026-01-21 15:31:30,417 - INFO - ✅ CARMONA SANCHEZ YISEL | CC 39360195
2026-01-21 15:31:30,625 - INFO - ✅ HENAO CASTRILLON CANDIDA ROSA | CC 39355586
2026-01-21 15:31:30,813 - INFO - ✅ HINCAPIE CATANO NASLY VERONICA | CC 39358977
2026-01-21 15:31:31,017 - INFO - ✅ VERGARA DIAZ NICOL KAROLINA | CC 1045418032
2026-01-21 15:31:31,214 - INFO - ✅ PEREZ VEGA SANDY MARCELA | CC 1067929888
2026-01-21 15:31:31,422 - INFO - ✅ MERCADO LOZANO LESY MILETH | CC 1063293632
2026-01-21 15:31:31,610 - INFO - ✅ CORTES CORTES ADRIANA MARIA | CC 39354928
2026-01-21 15:31:31,859 - INFO - ✅ VANEGAS RESTREPO KAREN | CC 1033427038
2026-01-21 15:31:32,066 - INFO - ✅ MADRID VERGARA CARLOS | CC 1035228569
2026-01-21 15:31:32,268 - INFO - ✅ GIRALDO GRANDA LUCIANO ALFONSO | CC 98717167
2026-01-21 15:31:32,467 - INFO - ✅ ZAPATA CARLOS MARIO | CC 71766344
2026-01-21 15:31:32,677 - INFO - ✅ ALVAREZ QUINDIGUA JOSE ANTONIO | CC 71941781
2026-01-21 15:31:32,866 - INFO - ✅ SOLANO ALTAMIRANO DANIELA | CC 1151959131
2026-01-21 15:31:33,078 - INFO - ✅ GIRALDO LAMES ROSA VIOLEY | CC 1114828732
2026-01-21 15:31:33,275 - INFO - ✅ ROA GARCIA MAIRA ALEJANDRA | CC 1114840035
2026-01-21 15:31:33,485 - INFO - ✅ BELTRAN ALVAREZ ALEJANDRO | CC 1006313357
2026-01-21 15:31:33,677 - INFO - ✅ RESTREPO MENA DIANA MARCELA | CC 1116240000
2026-01-21 15:31:33,918 - INFO - ✅ PAREJA AMAYA AURA MARIA | CC 67001892
2026-01-21 15:31:34,116 - INFO - ✅ AYALA RODRIGUEZ ANDREA SHIRLEY | CC 66786472
2026-01-21 15:31:34,334 - INFO - ✅ CARDONA LOZANO YEIMI JULIETH | CC 1114812351
2026-01-21 15:31:34,535 - INFO - ✅ CAMPO VARGAS DAMARIS | CC 1006207008
2026-01-21 15:31:34,745 - INFO - ✅ MORENO VELEZ DIANA MARCELA | CC 1144143574
2026-01-21 15:31:34,943 - INFO - ✅ ZUNIGA PIEDRAHITA VERONICA ISABEL | CC 1005831683
2026-01-21 15:31:35,165 - INFO - ✅ CHACUA LOPEZ LUIS DARWIN | CC 1006327260
2026-01-21 15:31:35,357 - INFO - ✅ LUNA GUTIERREZ LESLY ALEJANDRA | CC 1118285944
2026-01-21 15:31:35,568 - INFO - ✅ NINO CARVAJAL LINA MARCELA | CC 1118287568
2026-01-21 15:31:35,768 - INFO - ✅ CASTRO MARIO GERMAN | CC 1192894220
2026-01-21 15:31:35,980 - INFO - ✅ VERGARA NIEVA FRANK JOE | CC 1107848966
2026-01-21 15:31:36,170 - INFO - ✅ HIDALGO ALVAREZ ANA SIRLEY | CC 1118297531
2026-01-21 15:31:36,381 - INFO - ✅ SUAREZ QUEVEDO LEONEL | CC 1113683958
2026-01-21 15:31:36,584 - INFO - ✅ MERA ZAPATA JOSE JAIR | CC 94268336
2026-01-21 15:31:36,793 - INFO - ✅ ANGULO SUAREZ IRIS ADRIANA | CC 1028186847
2026-01-21 15:31:36,990 - INFO - ✅ AGUIRRE CRISTHIAN ANDRES | CC 1006464877
2026-01-21 15:31:37,197 - INFO - ✅ TORRES ROSAS JHON ALEXANDER | CC 16864979
2026-01-21 15:31:37,385 - INFO - ✅ MONTERO BARBERI LUZ KARIME | CC 1114838469
2026-01-21 15:31:37,590 - INFO - ✅ MURILLO VALENCIA RUTH LEIDY | CC 1114821029
2026-01-21 15:31:37,782 - INFO - ✅ SIERRA MENDEZ HENRY | CC 1114834886
2026-01-21 15:31:37,992 - INFO - ✅ CASTEBLANCO VILLADA LINA CRISTINA | CC 1114825229
2026-01-21 15:31:38,184 - INFO - ✅ GOMEZ GRANDE LILI JOHANA | CC 1006330793
2026-01-21 15:31:38,386 - INFO - ✅ GUZMAN MENESES ALEXANDRA ISAMARA | CC 1004540983
2026-01-21 15:31:38,587 - INFO - ✅ QUINONEZ SALAZAR ADRIANA | CC 1113676207
2026-01-21 15:31:38,788 - INFO - ✅ RIVAS RIVAS LINA PAOLA | CC 1114827974
2026-01-21 15:31:38,986 - INFO - ✅ VILLALOBOS RODRIGUEZ MARIA ALEJANDRA | CC 1006230326
2026-01-21 15:31:39,190 - INFO - ✅ MONTES GOMEZ LADDY YOHANA | CC 1114457429
2026-01-21 15:31:39,383 - INFO - ✅ MILLAN OREJUELA LUZ ADRIANA | CC 29673679
2026-01-21 15:31:39,616 - INFO - ✅ MARTINEZ GALINDO CRISTINA | CC 49659649
2026-01-21 15:31:39,807 - INFO - ✅ GALEANO ANGANOY LUZ AYDA | CC 66656662
2026-01-21 15:31:40,026 - INFO - ✅ GOMEZ MURILLO CINTHIA LORENA | CC 1114818463
2026-01-21 15:31:40,231 - INFO - ✅ OBREGON ROSAS JOHANA XIMENA | CC 66661547
2026-01-21 15:31:40,443 - INFO - ✅ RAMIREZ LARGACHA ROSIRIS | CC 1114813045
2026-01-21 15:31:40,632 - INFO - ✅ IZQUIERDO SOLIS MARIBEL | CC 1006342489
2026-01-21 15:31:40,835 - INFO - ✅ IJAJI MELISSA FERNANDA | CC 1114825596
2026-01-21 15:31:41,031 - INFO - ✅ REYES MURILLO JHON DEYVI | CC 1116272262
2026-01-21 15:31:41,242 - INFO - ✅ SANCHEZ JIMENEZ VALENTINA | CC 1112970181
2026-01-21 15:31:41,447 - INFO - ✅ RONCANCIO CORTAZAR YULY ALEJANDRA | CC 1114836678
2026-01-21 15:31:41,660 - INFO - ✅ VARGAS YAMA PAULA ANDREA | CC 66659666
2026-01-21 15:31:41,893 - INFO - ✅ RAMIREZ ROJAS DEIBY JOANA | CC 1114817036
2026-01-21 15:31:42,125 - INFO - ✅ MARTINEZ FAJARDO ALEJANDRO | CC 1010142654
2026-01-21 15:31:42,325 - INFO - ✅ CAICEDO CAICEDO ANGIE LORENA | CC 1006257982
2026-01-21 15:31:42,534 - INFO - ✅ MONTILLA MONTILLA CAROL DAIANA | CC 1113152115
2026-01-21 15:31:42,724 - INFO - ✅ GALLEGO RAVE JEYMI LORENA | CC 1114827002
2026-01-21 15:31:42,944 - INFO - ✅ GAMBOA GOMEZ ESTEFANIA | CC 1114826722
2026-01-21 15:31:43,143 - INFO - ✅ VELASQUEZ SANCHEZ ISABEL CRISTINA | CC 1004521284
2026-01-21 15:31:43,351 - INFO - ✅ ASPRILLA MANYOMA LISETH TATIANA | CC 1006258013
2026-01-21 15:31:43,586 - INFO - ✅ MENESES JARAMILLO JENIFER | CC 1006324120
2026-01-21 15:31:43,791 - INFO - ✅ URBANO RENGIFO KAROLINA ANDREA | CC 66657713
2026-01-21 15:31:44,026 - INFO - ✅ MOLINA LOPEZ MATEO | CC 1091272420
2026-01-21 15:31:44,244 - INFO - ✅ FERNANDEZ OSPINA GUSTAVO ADOLFO | CC 1114621330
2026-01-21 15:31:44,452 - INFO - ✅ PAPAMIJA PAPAMIJA CLARA FERNANDA | CC 1114451845
2026-01-21 15:31:44,663 - INFO - ✅ REYES ARCOS FABIAN ANDRES | CC 1108333374
2026-01-21 15:31:44,854 - INFO - ✅ JIMENEZ FERNANDEZ NESTOR DAVID | CC 1114308869
2026-01-21 15:31:45,076 - INFO - ✅ GOMEZ MANCILLA CLAUDIA PATRICIA | CC 1113978735
2026-01-21 15:31:45,294 - INFO - ✅ IMBACUAN CERON LEIDE SORAIDA | CC 1115068066
2026-01-21 15:31:45,518 - INFO - ✅ ERAZO GONZALEZ CARLOS ALBERTO | CC 94270167
2026-01-21 15:31:45,756 - INFO - ✅ RODRIGUEZ ERAZO HUGO FERNANDO | CC 6321933
2026-01-21 15:31:46,051 - INFO - ✅ CARDONA FLOREZ JUAN FERNANDO | CC 1115086850
2026-01-21 15:31:46,248 - INFO - ✅ POSADA BARRERO DEISY ALEJANDRA | CC 1105683547
2026-01-21 15:31:46,477 - INFO - ✅ PRADA ANGARITA NIDIA YULIED | CC 28638050
2026-01-21 15:31:46,682 - INFO - ✅ ALDANA RAMIREZ YENY | CC 39579576
2026-01-21 15:31:46,896 - INFO - ✅ SANDOVAL VARGAS CLAUDIA JIMENA | CC 65703286
2026-01-21 15:31:47,147 - INFO - ✅ PEREZ GOMEZ CLAUDIA MARCELA | CC 65708869
2026-01-21 15:31:47,392 - INFO - ✅ HERRENO OVIEDO ANDREA PAOLA | CC 65820665
2026-01-21 15:31:47,630 - INFO - ✅ GUZMAN OSPINA MABEL FERNANDA | CC 28719324
2026-01-21 15:31:47,839 - INFO - ✅ NOGUERA GAVILAN BLANCA JENNY | CC 1105678764
2026-01-21 15:31:48,036 - INFO - ✅ OLAVE BARRETO ALEYDA YINETH | CC 1030564546
2026-01-21 15:31:48,265 - INFO - ✅ BARRIOS GOMEZ MARIA JIMENA | CC 1105672601
2026-01-21 15:31:48,493 - INFO - ✅ GARCIA RAMIREZ EDWARD GIOVANNY | CC 1105673961
2026-01-21 15:31:48,715 - INFO - ✅ OVIEDO TORRES FLOR MARINA | CC 65702259
2026-01-21 15:31:48,914 - INFO - ✅ RODRIGUEZ SANCHEZ NINI JOHANA | CC 39580909
2026-01-21 15:31:49,127 - INFO - ✅ LOZANO CRUZ EDGAR JAVIER | CC 11318370
2026-01-21 15:31:49,338 - INFO - ✅ CAMPOS ARIAS SANDRA LILIANA | CC 1105676132
2026-01-21 15:31:49,576 - INFO - ✅ ORDUZ LOZANO LAURA MARIA | CC 39579295
2026-01-21 15:31:49,775 - INFO - ✅ ZARTA MONTEALEGRE ANA MILENA | CC 28637591
2026-01-21 15:31:49,987 - INFO - ✅ MURCIA AROCA MARIA DEL PILAR | CC 1109841452
2026-01-21 15:31:50,175 - INFO - ✅ MORALES RAMIREZ VIVIANA | CC 1109265321
2026-01-21 15:31:50,383 - INFO - ✅ MOLINA REINA HILDA LEONOR | CC 1110489240
2026-01-21 15:31:50,586 - INFO - ✅ ROMERO HERRERA PAULA VALENTINA | CC 1192743134
2026-01-21 15:31:50,799 - INFO - ✅ SOLANO MORENO ELIZABETH | CC 1105685913
2026-01-21 15:31:51,002 - INFO - ✅ NIETO ROZO LUIS HERNAN | CC 1069178009
2026-01-21 15:31:51,209 - INFO - ✅ VARGAS BENITEZ DANNA SOFIA | CC 1109265710
2026-01-21 15:31:51,437 - INFO - ✅ GARCIA CANO VANESSA ALEXANDRA | CC 1129004481
2026-01-21 15:31:51,675 - INFO - ✅ SANCHEZ LOZANO MARIA ALEJANDRA | CC 1105689989
2026-01-21 15:31:51,953 - INFO - ✅ PERDOMO SEDANO YENNY PATRICIA | CC 1007371685
2026-01-21 15:31:52,178 - INFO - ✅ MERCHAN BONILLA SARA YINETH | CC 1106895919
2026-01-21 15:31:52,377 - INFO - ✅ MACHADO ESPINOSA MILLER ROBERTO | CC 80240223
2026-01-21 15:31:52,605 - INFO - ✅ MOGOLLON AROCA CARLOS ANDRES | CC 1110557808
2026-01-21 15:31:52,802 - INFO - ✅ MURILLO SANCHEZ BRYAN | CC 1105676467
2026-01-21 15:31:53,013 - INFO - ✅ MENDEZ CARDENAS LEIDY KATHERINE | CC 1109265219
2026-01-21 15:31:53,208 - INFO - ✅ OSUNA SUAREZ KEVIN CAMILO | CC 1110452276
2026-01-21 15:31:53,423 - INFO - ✅ GASCA CASTRO KAREN NADINNE | CC 1007399406
2026-01-21 15:31:53,625 - INFO - ✅ GARCIA AYALA DARLY YINNEY | CC 1105671369
2026-01-21 15:31:53,830 - INFO - ✅ VARGAS LUNA CARMEN ELVIRA | CC 28637941
2026-01-21 15:31:54,043 - INFO - ✅ CEDENO LOZANO GABRIEL | CC 93123411
2026-01-21 15:31:54,269 - INFO - ✅ BARRAGAN GONGORA EDWIN ALBERTO | CC 93136780
2026-01-21 15:31:54,464 - INFO - ✅ OCHOA CHACON JHONATAN | CC 1109265585
2026-01-21 15:31:54,692 - INFO - ✅ CAICEDO CUERO MILENA | CC 1113638499
2026-01-21 15:31:54,904 - INFO - ✅ CAICEDO VALENCIA MARIA DE LOS ANGELES | CC 1113649274
2026-01-21 15:31:55,129 - INFO - ✅ VARGAS CADENA ANDRES DAVID | CC 1113668375
2026-01-21 15:31:55,317 - INFO - ✅ ROOSVELT CANO | CC 94474470
2026-01-21 15:31:55,525 - INFO - ✅ GARCIA MUNOZ LEONEL ANTONIO | CC 16364596
2026-01-21 15:31:55,714 - INFO - ✅ QUINTERO BERMUDEZ MAIRA ALEJANDRA | CC 1113658776
2026-01-21 15:31:55,935 - INFO - ✅ POTES BARCENAS LORENA ANDREA | CC 66660657
2026-01-21 15:31:56,149 - INFO - ✅ CEBALLOS DELGADO MARIA DEL PILAR | CC 66661212
2026-01-21 15:31:56,363 - INFO - ✅ CAICEDO CUERO ANDREA ESTEFANIA | CC 1113658240
2026-01-21 15:31:56,553 - INFO - ✅ GOMEZ PASTES NARLY | CC 29707674
2026-01-21 15:31:56,761 - INFO - ✅ RIVERA MORA ISABEL CRISTINA | CC 29686744
2026-01-21 15:31:56,955 - INFO - ✅ ROMERO PALENCIA ROSMERY | CC 29706474
2026-01-21 15:31:57,167 - INFO - ✅ PERLAZA RIVAS DIANA PAOLA | CC 1112226799
2026-01-21 15:31:57,355 - INFO - ✅ MUNOZ GUTIERREZ DIANA | CC 25275642
2026-01-21 15:31:57,578 - INFO - ✅ HURTADO HURTADO YAIRA | CC 1112231734
2026-01-21 15:31:57,768 - INFO - ✅ HERNANDEZ CUBILLOS STEFFANY ALEXANDRA | CC 1075324304
2026-01-21 15:31:57,975 - INFO - ✅ CHACON BORJA LINA LIZZETE | CC 52984491
2026-01-21 15:31:58,167 - INFO - ✅ WARNES SUAREZ MAIRA ALEJANDRA | CC 1067954162
2026-01-21 15:31:58,367 - INFO - ✅ AGUDELO VALENCIA LIZETH VALENTINA | CC 1005785322
2026-01-21 15:31:58,565 - INFO - ✅ CHICA PALACIO CATALINA | CC 1005255372
2026-01-21 15:31:58,772 - INFO - ✅ AGUDELO ARMERO PAOLA ANDREA | CC 1114831982
2026-01-21 15:31:58,971 - INFO - ✅ QUINTERO POSSO PAOLA ANDREA | CC 1113620149
2026-01-21 15:31:59,176 - INFO - ✅ VICTORIA MENESES SANTIAGO | CC 1113623965
2026-01-21 15:31:59,366 - INFO - ✅ SANCHEZ QUINTERO JACKELIN | CC 1007823965
2026-01-21 15:31:59,579 - INFO - ✅ SALGAR ECHEVERRY MAYRA ALEJANDRA | CC 1113537207
2026-01-21 15:31:59,769 - INFO - ✅ GREY MONROY LAURA DANIELA | CC 1001200671
2026-01-21 15:31:59,974 - INFO - ✅ VARGAS RODRIGUEZ MARIA JOSE | CC 1114239072
2026-01-21 15:32:00,172 - INFO - ✅ RIASCOS VALENCIA MILEIDI | CC 1006203801
2026-01-21 15:32:00,376 - INFO - ✅ ANGULO RIVERA FREIS | CC 94322705
2026-01-21 15:32:00,571 - INFO - ✅ MOLINA ERAZO JEIDER | CC 1002319444
2026-01-21 15:32:00,773 - INFO - ✅ ARANGO FONTAL WILBER | CC 1113650093
2026-01-21 15:32:00,978 - INFO - ✅ MENESES CHITO CARLOS ALBERTO | CC 94421079
2026-01-21 15:32:01,188 - INFO - ✅ RIVAS MENDOZA CRISTIAN DAVID | CC 1192920876
2026-01-21 15:32:01,386 - INFO - ✅ VELASQUEZ ORTIZ JHONATHAN | CC 1113671338
2026-01-21 15:32:01,606 - INFO - ✅ TORO PINEDA JULIAN | CC 6646748
2026-01-21 15:32:01,817 - INFO - ✅ NIEVA CHAVES MARYARY | CC 1113695224
2026-01-21 15:32:02,043 - INFO - ✅ AREVALO OSORIO YURI MARCELA | CC 1113647693
2026-01-21 15:32:02,234 - INFO - ✅ SALINAS GIRALDO JOHN EDILSON | CC 1039421760
2026-01-21 15:32:02,441 - INFO - ✅ CASTRILLON OSORIO ELIZABETH CRISTINA | CC 1022093787
2026-01-21 15:32:02,651 - INFO - ✅ ACEVEDO CATANO NATALIA ANDREA | CC 1035388836
2026-01-21 15:32:02,865 - INFO - ✅ VALENCIA SALDARRIAGA VANESSA DE JESUS | CC 1037503524
2026-01-21 15:32:03,061 - INFO - ✅ MUNOZ ALVAREZ YULIANA PATRICIA | CC 1076325069
2026-01-21 15:32:03,273 - INFO - ✅ DUQUE CASTRO KELLY JOHANA | CC 1037503523
2026-01-21 15:32:03,474 - INFO - ✅ MUNOZ GOMEZ DAYANA | CC 1035391438
2026-01-21 15:32:03,679 - INFO - ✅ SERNA ORTIZ EDITH JACKELINE | CC 1010066104
2026-01-21 15:32:03,890 - INFO - ✅ LOPEZ CORDOBA VIVIANA MARIA | CC 1035390011
2026-01-21 15:32:04,112 - INFO - ✅ PINO ARISTIZABAL JULIETH AMPARO | CC 43484004
2026-01-21 15:32:04,302 - INFO - ✅ BUSTAMANTE QUINTANA NORIDA ANDREA | CC 1035389106
2026-01-21 15:32:04,522 - INFO - ✅ ACEVEDO ZULETA LILIANA MARIA | CC 43482409
2026-01-21 15:32:04,720 - INFO - ✅ VELASQUEZ CADAVID MONICA | CC 43160642
2026-01-21 15:32:04,936 - INFO - ✅ BUITRAGO ZAPATA MARYLIN JHOANA | CC 1035388542
2026-01-21 15:32:05,144 - INFO - ✅ PEREZ CARDONA VIVIANA DEL SOCORRO | CC 1035388923
2026-01-21 15:32:05,356 - INFO - ✅ JIMENEZ MAQUIUD LUZ ADRIANA | CC 1035850247
2026-01-21 15:32:05,558 - INFO - ✅ RESTREPO LONDONO YESSICA DAHIANA | CC 1035390182
2026-01-21 15:32:05,763 - INFO - ✅ OROZCO PULGARIN LORENA ANDREA | CC 1035390154
2026-01-21 15:32:05,954 - INFO - ✅ MORALES JARAMILLO MARIA CAMILA | CC 1010129741
2026-01-21 15:32:06,161 - INFO - ✅ PULGARIN GIL MONICA PATRICIA | CC 1035388429
2026-01-21 15:32:06,353 - INFO - ✅ SOLANO VALENCIA MARLIN YULISA | CC 1007435032
2026-01-21 15:32:06,558 - INFO - ✅ GARCES JIMENEZ SARA ISABEL | CC 1001739014
2026-01-21 15:32:06,752 - INFO - ✅ POSADA SIERRA ANA MARIA | CC 1035391312
2026-01-21 15:32:06,955 - INFO - ✅ ARCILA GIL MARLLELLY CATERINE | CC 1001738518
2026-01-21 15:32:07,144 - INFO - ✅ SALAS JARAMILLO YACKLEY YASBEYDY | CC 1035391369
2026-01-21 15:32:07,354 - INFO - ✅ ARDILA ALVAREZ DEIVY | CC 1006506584
2026-01-21 15:32:07,548 - INFO - ✅ CANO PEREZ YENI TATIANA | CC 1001753453
2026-01-21 15:32:07,754 - INFO - ✅ ESTRADA DUQUE ANGIE PAOLA | CC 1037504056
2026-01-21 15:32:07,958 - INFO - ✅ CATANO TORRES MANUELA | CC 1039681980
2026-01-21 15:32:08,163 - INFO - ✅ BUSTAMANTE OCHOA XIMENA YULIPSA | CC 1002900444
2026-01-21 15:32:08,358 - INFO - ✅ GALLARDO GOMEZ SIRLEY FERNANDA | CC 1001389425
2026-01-21 15:32:08,572 - INFO - ✅ TOBON CANO KELLY JOHANA | CC 1007328745
2026-01-21 15:32:08,761 - INFO - ✅ MARRIAGA TURIZZO ERIKA PATRICIA | CC 22494540
2026-01-21 15:32:08,975 - INFO - ✅ MORALES SALAZAR LEIDY JULIETH | CC 1001738622
2026-01-21 15:32:09,171 - INFO - ✅ AVENDANO QUINTANA ANYI TATIANA | CC 1001738317
2026-01-21 15:32:09,383 - INFO - ✅ HERNANDEZ POSADA PAOLA ELENA | CC 1035388725
2026-01-21 15:32:09,580 - INFO - ✅ AGUDELO FRANCO DIEGO ARMANDO | CC 3551653
2026-01-21 15:32:09,785 - INFO - ✅ ROJAS OROZCO SANTIAGO | CC 1001590979
2026-01-21 15:32:09,981 - INFO - ✅ RIVILLAS MEJIA ADRIAN OLVANY | CC 71174352
2026-01-21 15:32:10,188 - INFO - ✅ GARCIA LOZANO JENY CONSTANZA | CC 1108928377
2026-01-21 15:32:10,396 - INFO - ✅ ORTIZ GUZMAN LUISA FERNANDA | CC 1105686456
2026-01-21 15:32:10,611 - INFO - ✅ MEDINA MANRIQUE PAOLA ANDREA | CC 1054226883
2026-01-21 15:32:10,802 - INFO - ✅ PINTO PINZON BLANCA FLOR | CC 65700677
2026-01-21 15:32:11,013 - INFO - ✅ TORRES VELOSA NASLY YAMILE | CC 1105610818
2026-01-21 15:32:11,221 - INFO - ✅ SANCHEZ MAHECHA JORGE ARMANDO | CC 1105683543
2026-01-21 15:32:11,434 - INFO - ✅ HUERTAS FONSECA SANDRA LILIANA | CC 28558144
2026-01-21 15:32:11,629 - INFO - ✅ BETANCOURT GARCIA ADRIANA MALLERLY | CC 1110495209
2026-01-21 15:32:11,864 - INFO - ✅ RODRIGUEZ TRASLAVINA JOHAN ENRIQUE | CC 1193100253
2026-01-21 15:32:12,076 - INFO - ✅ GARCIA PENA YILVER DAVID | CC 1110467064
2026-01-21 15:32:12,281 - INFO - ✅ GAITAN LINARES GUERLY | CC 1105614031
2026-01-21 15:32:12,475 - INFO - ✅ ESPINOSA GARCIA AZUCENA | CC 1039703111
2026-01-21 15:32:12,680 - INFO - ✅ BOLIVAR ROJAS KAREN BRIGITTE | CC 1005769920
2026-01-21 15:32:12,874 - INFO - ✅ GALINDO ARCE NATALY SOFIA | CC 1110499314
2026-01-21 15:32:13,082 - INFO - ✅ VARON ROMERO LIZETH VIVIANA | CC 1105304199
2026-01-21 15:32:13,282 - INFO - ✅ HERNANDEZ OTALVARO DORA LIGIA | CC 1108828285
2026-01-21 15:32:13,494 - INFO - ✅ GUAYARA VIEDA YESICA ALEXANDRA | CC 1110531677
2026-01-21 15:32:13,690 - INFO - ✅ RODRIGUEZ CERQUERA NORMY YASMIN | CC 1105610919
2026-01-21 15:32:13,904 - INFO - ✅ PINEDA GARCIA NORFALIA | CC 1007816732
2026-01-21 15:32:14,094 - INFO - ✅ SARMIENTO MUNOZ WENDY TATIANA | CC 1110594397
2026-01-21 15:32:14,306 - INFO - ✅ ESPITIA BAQUERO JOSE JULIAN | CC 1005714860
2026-01-21 15:32:14,519 - INFO - ✅ MURCIA ARROYO JUAN CAMILO | CC 1109414373
2026-01-21 15:32:14,729 - INFO - ✅ GARCIA GUTIERREZ DUBAN ESTIVEN | CC 1030280229
2026-01-21 15:32:14,924 - INFO - ✅ TORRES GOMEZ JOSE MANUEL | CC 1097394244
2026-01-21 15:32:15,187 - INFO - ✅ ORJUELA CARDENAS IVAN MAURICIO | CC 1110581726
2026-01-21 15:32:15,379 - INFO - ✅ RODRIGUEZ ROA JHON FREDY | CC 93411168
2026-01-21 15:32:15,591 - INFO - ✅ GIL CANO GUSTAVO HELI | CC 94327171
2026-01-21 15:32:15,786 - INFO - ✅ JIMENEZ PEREZ LUISA FERNANDA | CC 1113642718
2026-01-21 15:32:15,997 - INFO - ✅ OSORIO CUEVAS GREILY LORENA | CC 31579844
2026-01-21 15:32:16,200 - INFO - ✅ CUEVAS GONZALEZ MARIA CAMILA | CC 1113655131
2026-01-21 15:32:16,409 - INFO - ✅ SEPULVEDA RAMIREZ LUCELLY | CC 1113669672
2026-01-21 15:32:16,603 - INFO - ✅ CAICEDO CARABALI JEINY VANESSA | CC 1060359754
2026-01-21 15:32:16,807 - INFO - ✅ GARCIA AGUIRRE JOHANA | CC 1113651448
2026-01-21 15:32:17,001 - INFO - ✅ GIRALDO PASICHANA JESSICA | CC 1113683927
2026-01-21 15:32:17,209 - INFO - ✅ PALACIOS CASTRO SANDRA PATRICIA | CC 1130630225
2026-01-21 15:32:17,398 - INFO - ✅ LEBRO MERCHAN LAURA JISSEL | CC 1113683321
2026-01-21 15:32:17,604 - INFO - ✅ BARAHONA FAJARDO JINNA NORELY | CC 1113665984
2026-01-21 15:32:17,795 - INFO - ✅ BASTIDAS OSPINA ADRIANA | CC 29113342
2026-01-21 15:32:18,009 - INFO - ✅ SOLARTE SANCHEZ SANDRA MARCELA | CC 1112221569
2026-01-21 15:32:18,199 - INFO - ✅ GRUESO GUAPI YULY VANESSA | CC 1085545197
2026-01-21 15:32:18,414 - INFO - ✅ ARENAS MOLINA SANDRA MILENA | CC 22618256
2026-01-21 15:32:18,631 - INFO - ✅ MURILLO DIAZ CAROLINA | CC 1113676703
2026-01-21 15:32:18,839 - INFO - ✅ HURTADO RODRIGUEZ LEIDY JHOVANNA | CC 1090420787
2026-01-21 15:32:19,030 - INFO - ✅ PEREZ GIRALDO LUZ ELENA | CC 29661661
2026-01-21 15:32:19,270 - INFO - ✅ MURILLO MURILLO JUAN SEBASTIAN | CC 1006330692
2026-01-21 15:32:19,470 - INFO - ✅ CIFUENTES JIMENEZ SARA RAQUEL | CC 29757923
2026-01-21 15:32:19,690 - INFO - ✅ SANCHEZ SAAVEDRA MARTHA LILIA | CC 40732472
2026-01-21 15:32:19,887 - INFO - ✅ CASTANO CASTRILLON MARITZA | CC 1054992652
2026-01-21 15:32:20,098 - INFO - ✅ REBOLLEDO COBO FREIMAN | CC 6645988
2026-01-21 15:32:20,285 - INFO - ✅ CABAL TRUJILLO JUAN SEBASTIAN | CC 1006323957
2026-01-21 15:32:20,488 - INFO - ✅ JIMENEZ PEINADO INGRID YELITZA | CC 1065880849
2026-01-21 15:32:20,676 - INFO - ✅ MILLAN CANDELO KELLY STEFANIA | CC 1113688972
2026-01-21 15:32:20,876 - INFO - ✅ TROCHEZ LOPEZ LINA VANESSA | CC 1113672835
2026-01-21 15:32:21,073 - INFO - ✅ GRANOBLES HERNANDEZ MARIA FERNANDA | CC 1006258369
2026-01-21 15:32:21,282 - INFO - ✅ SARRIA SERNA SHIRLEY VERONICA | CC 1113683367
2026-01-21 15:32:21,482 - INFO - ✅ DURANGO SALAZAR ANGIE CAROLINA | CC 1144210820
2026-01-21 15:32:21,689 - INFO - ✅ CUERO CAICEDO YESSICA MARCELA | CC 1113637614
2026-01-21 15:32:21,907 - INFO - ✅ RENGIFO MONCADA LINA MARIA | CC 1113538705
2026-01-21 15:32:22,133 - INFO - ✅ RONDON NOGUERA KATHERINE ALEXANDRA | CC 4595728
2026-01-21 15:32:22,327 - INFO - ✅ ROJAS OSPINA NICCOL VANESSA | CC 1113688552
2026-01-21 15:32:22,535 - INFO - ✅ MERCHAN CIFUENTES ORIANA | CC 1113696986
2026-01-21 15:32:22,726 - INFO - ✅ CORREA BURGOS ANDERSON | CC 1064986036
2026-01-21 15:32:22,948 - INFO - ✅ LOPEZ ARMERO LUISA MARIA | CC 1006217988
2026-01-21 15:32:23,142 - INFO - ✅ ESPITIA SALGUERO JUAN MANUEL | CC 1109188229
2026-01-21 15:32:23,346 - INFO - ✅ SILVA SOLIS KAREN YULIANA | CC 1087112834
2026-01-21 15:32:23,546 - INFO - ✅ FOLLECO PINZON MARIA ALEJANDRA | CC 1010960374
2026-01-21 15:32:23,747 - INFO - ✅ OSORIO GARCIA ISABEL CRISTINA | CC 1114821298
2026-01-21 15:32:23,953 - INFO - ✅ SALAZAR GOMEZ JULIAN ANDRES | CC 1113640476
2026-01-21 15:32:24,193 - INFO - ✅ JIMENEZ VILLEGAS PAOLA ANDREA | CC 29673506
2026-01-21 15:32:24,388 - INFO - ✅ GARCES QUINTERO CESAR LUIS | CC 1006219451
2026-01-21 15:32:24,604 - INFO - ✅ BORREGO CORREA ALEYDA CAROLINA | CC 1076621024
2026-01-21 15:32:24,799 - INFO - ✅ CALDERON VELOZA CLAUDIA INES | CC 52410423
2026-01-21 15:32:25,014 - INFO - ✅ ANEZ SALAZAR MARIA AUXILIADORA | CC 1065582660
2026-01-21 15:32:25,219 - INFO - ✅ MORALES CASTILLO EDY JOHANNA | CC 55114052
2026-01-21 15:32:25,424 - INFO - ✅ SANCHEZ RINCON ANGELICA | CC 20965236
2026-01-21 15:32:25,621 - INFO - ✅ GAONA MARTINEZ JESSICA ALEJANDRA | CC 1058058877
2026-01-21 15:32:25,823 - INFO - ✅ VEGA JUAN CARLOS | CC 1072706348
2026-01-21 15:32:26,015 - INFO - ✅ RAMIREZ IBARRA BIBIANA | CC 52531106
2026-01-21 15:32:26,245 - INFO - ✅ MENDEZ JULIO ROSA ISELIA | CC 1070021726
2026-01-21 15:32:26,448 - INFO - ✅ ORTIZ MORENO KATERINE | CC 1014857817
2026-01-21 15:32:26,654 - INFO - ✅ LEON PETEVI EDINSON ESTIVEN | CC 1004248685
2026-01-21 15:32:26,849 - INFO - ✅ URIBE CAICEDO ANA BERTILDE | CC 21148197
2026-01-21 15:32:27,055 - INFO - ✅ TAVERA DIAZ JUAN CARLOS | CC 1096619722
2026-01-21 15:32:27,246 - INFO - ✅ ACERO MUNOZ JOSE DANIEL | CC 1116205064
2026-01-21 15:32:27,468 - INFO - ✅ GARZON MENDOZA JOHN ALEXANDER | CC 93238441
2026-01-21 15:32:27,661 - INFO - ✅ PAEZ BERNAL PAOLA ANDREA | CC 53931509
2026-01-21 15:32:27,866 - INFO - ✅ SALGUERO NAVARRO OSCAR | CC 5824528
2026-01-21 15:32:28,086 - INFO - ✅ RODRIGUEZ MELO MARIA DEL PILAR | CC 1109264000
2026-01-21 15:32:28,307 - INFO - ✅ GONZALEZ BERMUDEZ LUZ MARLEN | CC 39625296
2026-01-21 15:32:28,537 - INFO - ✅ TRIANA RIOBO AMPARO | CC 65761934
2026-01-21 15:32:29,082 - INFO - ✅ TORRES AMAYA MARIA AMPARO | CC 65775277
2026-01-21 15:32:29,277 - INFO - ✅ HOYOLA SOGAMOSO CINDY ANDREA | CC 1110492106
2026-01-21 15:32:29,515 - INFO - ✅ SEGURA PEREZ ANA DEYSI | CC 39571704
2026-01-21 15:32:29,716 - INFO - ✅ VARGAS GALINDO LUISA FERNANDA | CC 38360763
2026-01-21 15:32:29,956 - INFO - ✅ MOLINA REYNA ANDREA MILENA | CC 65708741
2026-01-21 15:32:30,159 - INFO - ✅ GARCIA YEYMY JOHANNA | CC 37995191
2026-01-21 15:32:30,415 - INFO - ✅ BRAVO VARON DIANA PAOLA | CC 1110502728
2026-01-21 15:32:30,647 - INFO - ✅ VERA TAFUR EILEEN CATALINA | CC 52916465
2026-01-21 15:32:30,879 - INFO - ✅ SAENZ GALINDO STEFANY | CC 1110501833
2026-01-21 15:32:31,155 - INFO - ✅ RAYO CAPERA YERLY JULIET | CC 28540916
2026-01-21 15:32:31,381 - INFO - ✅ RAMIREZ MEDELLIN ELIDA MARCELA | CC 38289003
2026-01-21 15:32:31,585 - INFO - ✅ CULMA BOTACHE LUZ ANGELA | CC 1006068483
2026-01-21 15:32:31,830 - INFO - ✅ MUNOZ ORTIZ DANIELA | CC 1110585331
2026-01-21 15:32:32,121 - INFO - ✅ SUAREZ GALICIA PAHOLA ANDREA | CC 1022986926
2026-01-21 15:32:32,371 - INFO - ✅ VASQUEZ CASTRO KEVIN MAURICIO | CC 1022922255
2026-01-21 15:32:32,574 - INFO - ✅ CERQUERA SALCEDO JESSICA ALEXANDRA | CC 1105681767
2026-01-21 15:32:32,791 - INFO - ✅ BUSTAMANTE QUINTERO YENNYFER | CC 1072925824
2026-01-21 15:32:33,004 - INFO - ✅ PATINO MARTINEZ PAULA YULIETH | CC 1192893696
2026-01-21 15:32:33,232 - INFO - ✅ RODRIGUEZ MURCIA INGRID YANETH | CC 1019019759
2026-01-21 15:32:33,429 - INFO - ✅ ANDRADE MENDOZA JUAN CAMILO | CC 1075315189
2026-01-21 15:32:33,645 - INFO - ✅ ORJUELA CUESTAS JUAN CARLOS | CC 1105462387
2026-01-21 15:32:33,853 - INFO - ✅ CASTRO DONCEL JOHAN STEVEN | CC 1022391933
2026-01-21 15:32:34,077 - INFO - ✅ TABARES CESPEDES CINDY DANIELA | CC 1110577314
2026-01-21 15:32:34,284 - INFO - ✅ RODRIGUEZ SIERRA ELIZABETH | CC 1104544089
2026-01-21 15:32:34,511 - INFO - ✅ GOMEZ SIERRA CLAUDIA PATRICIA | CC 65765109
2026-01-21 15:32:34,706 - INFO - ✅ LINARES TRIANA SANDRA BIBIANA | CC 38363870
2026-01-21 15:32:34,943 - INFO - ✅ JIMENEZ GRAJALES VICTOR JAVIER | CC 1092356966
2026-01-21 15:32:35,153 - INFO - ✅ AGUIRRE BARAJAS YESSICA DEL CARMEN | CC 1116787161
2026-01-21 15:32:35,363 - INFO - ✅ RICO GUALTERO JUAN ESTEBAN | CC 1034778834
2026-01-21 15:32:35,596 - INFO - ✅ REYES MENESES JEISON FABIAN | CC 1234639407
2026-01-21 15:32:35,829 - INFO - ✅ BETANCUR MARTINEZ LINZY DAYANNA | CC 1068348948
2026-01-21 15:32:36,022 - INFO - ✅ DIAZ CIFUENTES DANA GABRIELA | CC 1107977576
2026-01-21 15:32:36,246 - INFO - ✅ ESCOBAR RAYO JULIANA ANDREA | CC 1005912792
2026-01-21 15:32:36,471 - INFO - ✅ TAFUR CANO EDNA ROCIO | CC 1110531791
2026-01-21 15:32:36,701 - INFO - ✅ VALDERRAMA GONZALEZ ANGELA MIRELLA | CC 1110567890
2026-01-21 15:32:36,909 - INFO - ✅ NOVOA LOSADA EVELYN ALEJANDRA | CC 1110526208
2026-01-21 15:32:37,151 - INFO - ✅ LEONEL ZAMBRANO LUISA FERNANDA | CC 1110551613
2026-01-21 15:32:37,349 - INFO - ✅ PRIETO CASALLAS DUBERNEY | CC 1110531502
2026-01-21 15:32:37,588 - INFO - ✅ SANTOS OSPINA CARLOS ALFONSO | CC 93134711
2026-01-21 15:32:37,793 - INFO - ✅ ZARTA MOLINA JUAN DAVID | CC 1006020623
2026-01-21 15:32:38,021 - INFO - ✅ RODRIGUEZ CASTANO OSCAR IVAN | CC 1234638620
2026-01-21 15:32:38,219 - INFO - ✅ PRADA PERDOMO JONNY STIVEN | CC 1105681493
2026-01-21 15:32:38,457 - INFO - ✅ ALARCON DIAZ JUAN FERNANDO | CC 1076651074
2026-01-21 15:32:38,658 - INFO - ✅ BECERRA PINILLA MARY LUZ | CC 20445228
2026-01-21 15:32:38,887 - INFO - ✅ GOMEZ DELGADILLO ALEXANDER | CC 79167214
2026-01-21 15:32:39,083 - INFO - ✅ RAMIREZ LAMPREA CHRISTIAN STIVEL | CC 1073609040
2026-01-21 15:32:39,310 - INFO - ✅ GONZALEZ HERNANDEZ LAURA VALENTINA | CC 1007575978
2026-01-21 15:32:39,594 - INFO - ✅ RUIZ ROCHA JESUS DAVID | CC 1007344080
2026-01-21 15:32:39,837 - INFO - ✅ BALLEN GUZMAN LAURA YINETH | CC 1003922248
2026-01-21 15:32:40,038 - INFO - ✅ PENALOZA GOMEZ JANISE | CC 1065653713
2026-01-21 15:32:40,256 - INFO - ✅ CORREDOR AREVALO GLORIA IRENE | CC 1071839007
2026-01-21 15:32:40,500 - INFO - ✅ GUATIVA CAMELO DEYSY YOLANDA | CC 1074556882
2026-01-21 15:32:40,705 - INFO - ✅ RAMOS PINILLA PAULA CATALINA | CC 1077340044
2026-01-21 15:32:40,901 - INFO - ✅ ABRIL RIANO OLGA PASTORA | CC 1076647933
2026-01-21 15:32:41,137 - INFO - ✅ LEON GONZALEZ NURY MILADY | CC 1072715831
2026-01-21 15:32:41,345 - INFO - ✅ MONCADA CHIQUIZA LUZ MAGNOLIA | CC 20724326
2026-01-21 15:32:41,569 - INFO - ✅ SIERRA DAZA MARIA PAULA | CC 1049658543
2026-01-21 15:32:41,761 - INFO - ✅ SANCHEZ MENDEZ EMILCE ENID | CC 20723906
2026-01-21 15:32:42,024 - INFO - ✅ ALFARO MENDOZA JOYCE YERELIS | CC 1044931052
2026-01-21 15:32:42,220 - INFO - ✅ GARZON DELGADILLO VIVIANA YAKELIN | CC 1076662509
2026-01-21 15:32:42,441 - INFO - ✅ ALEXANDER RUIZ | CC 80021122
2026-01-21 15:32:42,644 - INFO - ✅ PASCUAS RODRIGUEZ ARLES | CC 7728675
2026-01-21 15:32:42,953 - INFO - ✅ ROJAS MURCIA MARIA PAULA | CC 1079187016
2026-01-21 15:32:43,160 - INFO - ✅ TIMOTE VIQUE DATHNE | CC 1079178846
2026-01-21 15:32:43,374 - INFO - ✅ TOVAR ORTIZ LAURA CELESTE | CC 1080188102
2026-01-21 15:32:43,590 - INFO - ✅ TOVAR VARGAS JOHANN ANDRE | CC 1075279197
2026-01-21 15:32:43,816 - INFO - ✅ FREIRE BRAVO JIMENA CAROLINA | CC 1085912093
2026-01-21 15:32:44,057 - INFO - ✅ PORTOCARRERO TRUJILLO JENNIFFER PAOLA | CC 1075263815
2026-01-21 15:32:44,292 - INFO - ✅ CASTRO LAVAO GESSICA ALEJANDRA | CC 1079182342
2026-01-21 15:32:44,567 - INFO - ✅ TOVAR QUIMBAYA YEISON FABIAN | CC 1004416195
2026-01-21 15:32:44,888 - INFO - ✅ TOBAR RINCON JUAN CARLOS | CC 80755254
2026-01-21 15:32:45,111 - INFO - ✅ SEPULVEDA HERNANDEZ ELIZABETH | CC 1083841138
2026-01-21 15:32:45,346 - INFO - ✅ CORONADO CALIZ KARLA YADILZA | CC 1084925314
2026-01-21 15:32:45,558 - INFO - ✅ TRUJILLO RUIZ ADRIANA LUCIA | CC 1007705053
2026-01-21 15:32:45,817 - INFO - ✅ SEGURA LUNA LEIDY CAMILA | CC 1143985673
2026-01-21 15:32:46,029 - INFO - ✅ RIVERA CARDOSO DIANA JULIETH | CC 1127073903
2026-01-21 15:32:46,273 - INFO - ✅ CUELLAR TRUJILLO LUZ ALBENIS | CC 1192735172
2026-01-21 15:32:46,478 - INFO - ✅ MEDINA CERQUERA GUILLERMO ANDRES | CC 1080187475
2026-01-21 15:32:46,705 - INFO - ✅ BERNAL RAMIREZ MARIA DE LOS ANGELES | CC 1077228360
2026-01-21 15:32:46,914 - INFO - ✅ CABRERA ROJAS DANIELA | CC 1080188650
2026-01-21 15:32:47,147 - INFO - ✅ ILES CARDENAS CARLOS ALFREDO | CC 1080186372
2026-01-21 15:32:47,378 - INFO - ✅ PLAZA CORTES MARLOVEN | CC 1079177069
2026-01-21 15:32:47,601 - INFO - ✅ CORTES CANO MARYURI VANNESA | CC 1083839720
2026-01-21 15:32:47,801 - INFO - ✅ SUAREZ QUIMBAYA NORMA CONSTANZA | CC 26512310
2026-01-21 15:32:48,036 - INFO - ✅ ESTRELLA BOLANOS MONICA JULIANA | CC 1004472543
2026-01-21 15:32:48,235 - INFO - ✅ VARGAS MUNOZ SINDY | CC 1080186923
2026-01-21 15:32:48,450 - INFO - ✅ MENDIETA VILLANUEVA INGRID VANESSA | CC 1032394568
2026-01-21 15:32:48,656 - INFO - ✅ HOME MONTEALEGRE ANDRES FELIPE | CC 1080187746
2026-01-21 15:32:48,878 - INFO - ✅ GUEVARA DUVAN FABIAN | CC 1080182698
2026-01-21 15:32:49,076 - INFO - ✅ RODRIGUEZ CHIMBACO ROBINSON | CC 83163384
2026-01-21 15:32:49,299 - INFO - ✅ CORTES ANDRADE VICTOR ALFONSO | CC 1079173392
2026-01-21 15:32:49,523 - INFO - ✅ APACHE MUNOZ JUAN DAVID | CC 1007679986
2026-01-21 15:32:49,766 - INFO - ✅ CERON QUIBANO JUAN DAVID | CC 1004062825
2026-01-21 15:32:50,076 - INFO - ✅ FIGUEROA SALAMANCA JOSE EDUARDO | CC 1080184390
2026-01-21 15:32:50,299 - INFO - ✅ VALENCIA PRADA JULIO CESAR | CC 1079179338
2026-01-21 15:32:50,508 - INFO - ✅ POVEDA RODRIGUEZ FRANCERY | CC 1081153276
2026-01-21 15:32:50,714 - INFO - ✅ MORENO TOVAR LEIDY TATIANA | CC 1004063451
2026-01-21 15:32:50,936 - INFO - ✅ GUTIERREZ ZAMORA ANDREA LORENA | CC 1081156992
2026-01-21 15:32:51,147 - INFO - ✅ ARIAS RODRIGUEZ LORENA ASTRID | CC 1081153510
2026-01-21 15:32:51,343 - INFO - ✅ GUZMAN FERNANDEZ MARIA ANGELICA | CC 1081153497
2026-01-21 15:32:51,593 - INFO - ✅ TRUJILLO NARVAEZ MAYRA ALEJANDRA | CC 1079175187
2026-01-21 15:32:51,797 - INFO - ✅ FRANCO LAME EDIER | CC 1114732388
2026-01-21 15:32:52,093 - INFO - ✅ CUBILLOS RAMIREZ YANETH DANIELA | CC 1007179694
2026-01-21 15:32:52,294 - INFO - ✅ CANON PARRA LILIANA | CC 26431510
2026-01-21 15:32:52,521 - INFO - ✅ DIAZ TOVAR ANA CAROLINA | CC 55196507
2026-01-21 15:32:52,721 - INFO - ✅ VILLALBA FALLA LUZ EDIHT | CC 26551989
2026-01-21 15:32:52,927 - INFO - ✅ QUINTERO GARCIA YURI MARYETH | CC 1004063234
2026-01-21 15:32:53,128 - INFO - ✅ SILVA ESCALANTE YULY ALEXANDRA | CC 1075296881
2026-01-21 15:32:53,342 - INFO - ✅ RAMIREZ MARTINEZ ANETH YURANY | CC 1007179543
2026-01-21 15:32:53,552 - INFO - ✅ GUTIERREZ BAHAMON BRIGGITH NATALIA | CC 1079172522
2026-01-21 15:32:53,792 - INFO - ✅ CERON MARIA DE LOS ANGELES | CC 1079184259
2026-01-21 15:32:54,038 - INFO - ✅ SANCHEZ BERMEO YENNY YOHANA | CC 55066577
2026-01-21 15:32:54,277 - INFO - ✅ CARDOSO CARDOSO EDUAR | CC 1082802076
2026-01-21 15:32:54,491 - INFO - ✅ MARTINEZ RIANOS JUAN SEBASTIAN | CC 1003808733
2026-01-21 15:32:54,704 - INFO - ✅ BARRERO MONTENEGRO YENY CAROLINA | CC 1081156937
2026-01-21 15:32:54,919 - INFO - ✅ LOSADA JIMENEZ YESSICA | CC 1075290149
2026-01-21 15:32:55,220 - INFO - ✅ RODRIGUEZ LOZADA BRAMDON STUAR | CC 1075794225
2026-01-21 15:32:55,418 - INFO - ✅ SANCHEZ MONTIEL MAYELINE | CC 1075232049
2026-01-21 15:32:55,644 - INFO - ✅ RAYO PENAGOS JUAN SEBASTIAN | CC 1075288411
2026-01-21 15:32:55,847 - INFO - ✅ SILVA CORONADO SHARON MIGDONIA | CC 1075309289
2026-01-21 15:32:56,071 - INFO - ✅ CHAVERRA CARDENAS JUAN SEBASTIAN | CC 1075308402
2026-01-21 15:32:56,274 - INFO - ✅ PUENTES MURCIA MARIA ALEJANDRA | CC 1075268404
2026-01-21 15:32:56,510 - INFO - ✅ OSPINA MEDINA MONICA ALEJANDRA | CC 1079411127
2026-01-21 15:32:56,715 - INFO - ✅ PACHECO PUENTES LUIS MIGUEL | CC 1081159097
2026-01-21 15:32:56,948 - INFO - ✅ JARAMILLO GUATAME GERALDINE | CC 1003819790
2026-01-21 15:32:57,152 - INFO - ✅ RODRIGUEZ OSORIO DANIEL FELIPE | CC 1078778622
2026-01-21 15:32:57,360 - INFO - ✅ BARRAGAN VARGAS DANIELA | CC 1075304450
2026-01-21 15:32:57,568 - INFO - ✅ QUINTERO LEON JOSE ALFREDO | CC 83169303
2026-01-21 15:32:57,773 - INFO - ✅ GUTIERREZ MONTEALEGRE JORGE ARMANDO | CC 1079175508
2026-01-21 15:32:57,991 - INFO - ✅ CANO SALAZAR CHRISTIAN EUGENIO | CC 1075279999
2026-01-21 15:32:58,204 - INFO - ✅ BOTERO JARA JHON FERNANDO | CC 1116920353
2026-01-21 15:32:58,413 - INFO - ✅ CAICEDO SALAMANCA CESAR AUGUSTO | CC 1007284658
2026-01-21 15:32:58,637 - INFO - ✅ POLANIA REYES WILSON DAVID | CC 1004304978
2026-01-21 15:32:58,835 - INFO - ✅ ORTIZ PERDOMO JONY JULIAN | CC 1075266424
2026-01-21 15:32:59,042 - INFO - ✅ AGUIRRE JURADO HECTOR ALEJANDRO | CC 1087408637
2026-01-21 15:32:59,247 - INFO - ✅ JARAMILLO DEVIA YEFERSON | CC 1007580910
2026-01-21 15:32:59,467 - INFO - ✅ VANEGAS AREVALO AIDEE | CC 38875559
2026-01-21 15:32:59,659 - INFO - ✅ IZQUIERDO MEDINA NAYLA ANDREA | CC 1130643085
2026-01-21 15:32:59,873 - INFO - ✅ MARTINEZ MUNOZ ANDREA | CC 1118259177
2026-01-21 15:33:00,077 - INFO - ✅ SOTO PEREZ JHOANA | CC 1118259016
2026-01-21 15:33:00,296 - INFO - ✅ GONZALEZ BOLANOS JACKELINE | CC 29974203
2026-01-21 15:33:00,506 - INFO - ✅ CORREA PUNGO BLANCA YANETH | CC 66802807
2026-01-21 15:33:00,730 - INFO - ✅ ESCOBAR DIANA DANIELA | CC 1116250287
2026-01-21 15:33:00,939 - INFO - ✅ HERRERA LOPEZ MARITZA JOHANNA | CC 1116156330
2026-01-21 15:33:01,151 - INFO - ✅ NARVAEZ LIZETH LORENA | CC 1114390224
2026-01-21 15:33:01,356 - INFO - ✅ DAVILA PENAGOS MARLENE | CC 29952366
2026-01-21 15:33:01,570 - INFO - ✅ PADILLA ANDRADE GERALDINE | CC 1116267391
2026-01-21 15:33:01,773 - INFO - ✅ MARTINEZ GOMEZ KAREN ISLED | CC 1116159297
2026-01-21 15:33:02,039 - INFO - ✅ ARCE JOJOA MAIRON ANDERSON | CC 1114390937
2026-01-21 15:33:02,285 - INFO - ✅ GUTIERREZ PEREA LEANI SUJEY | CC 1098765145
2026-01-21 15:33:02,523 - INFO - ✅ ROZO MARIN ANA MARIA | CC 1007020436
2026-01-21 15:33:02,788 - INFO - ✅ CAMPOS CARDONA YECENIA | CC 1116157410
2026-01-21 15:33:03,015 - INFO - ✅ SUSATAMA MEDINA AMANDA | CC 55131720
2026-01-21 15:33:03,212 - INFO - ✅ VALDERRAMA RAMIREZ JAIRO LEON | CC 14890419
2026-01-21 15:33:03,426 - INFO - ✅ DARAVINA RAMIREZ JORGE STEVEN | CC 1116160051
2026-01-21 15:33:03,624 - INFO - ✅ MAZUERA TASCON HECTOR FABIO | CC 94362158
2026-01-21 15:33:03,845 - INFO - ✅ PEREZ ARCE ALFONSO | CC 1116157485
2026-01-21 15:33:04,058 - INFO - ✅ POLANCO PABON DONEY ALEXANDER | CC 1116157041
2026-01-21 15:33:04,280 - INFO - ✅ LENIS ARIAS LEONARDO | CC 1116160107
2026-01-21 15:33:04,492 - INFO - ✅ SANCHEZ SERNA CARLOS YOVANNY | CC 1000453307
2026-01-21 15:33:04,718 - INFO - ✅ AGUIRRE VANEGAS JHON EIFER | CC 1054546260
2026-01-21 15:33:04,908 - INFO - ✅ YARA MOGOLLON JHON FREDDY | CC 1020770303
2026-01-21 15:33:05,141 - INFO - ✅ VARGAS VASQUEZ LINA MARCELA | CC 1073719798
2026-01-21 15:33:05,345 - INFO - ✅ MARQUEZ TOCANCHON WILMAR | CC 80140098
2026-01-21 15:33:05,567 - INFO - ✅ VARGAS CASTILLO SARA SHARITH | CC 1073681012
2026-01-21 15:33:05,761 - INFO - ✅ QUIROGA CASTRO JUAN ESTEBAN | CC 1013112451
2026-01-21 15:33:05,988 - INFO - ✅ RODRIGUEZ HURTADO JHOJAN DANIEL | CC 1024460311
2026-01-21 15:33:06,216 - INFO - ✅ GONZALEZ VARGAS DIANA MARCELA | CC 53152954
2026-01-21 15:33:06,437 - INFO - ✅ PENALOZA MAYORGA LEIDY SOFIA | CC 1023377130
2026-01-21 15:33:06,642 - INFO - ✅ HERNANDEZ GUEVARA MARIA PAOLA | CC 52897391
2026-01-21 15:33:06,846 - INFO - ✅ DIAZ URREA WENDY LORENA | CC 1073719015
2026-01-21 15:33:07,042 - INFO - ✅ DELGADO ARISTIZABAL JEISSON DAVID | CC 1032504463
2026-01-21 15:33:07,262 - INFO - ✅ ROMERO RIOS JANNETH CAROLINA | CC 53101793
2026-01-21 15:33:07,534 - INFO - ✅ DIAZ URREA YOHAN ESTEVAN | CC 1012346524
2026-01-21 15:33:07,768 - INFO - ✅ BONILLA NUNEZ YIZETH LORENA | CC 1024481493
2026-01-21 15:33:07,966 - INFO - ✅ CALDERON GUTIERREZ NADIA MARCELA | CC 39679384
2026-01-21 15:33:08,186 - INFO - ✅ YATE DAZA DAIYIRA MIDALY | CC 1121148233
2026-01-21 15:33:08,377 - INFO - ✅ PENA JIMENEZ SANDY JULIETH | CC 1072196153
2026-01-21 15:33:08,620 - INFO - ✅ SALAZAR HUERTAS BLANCA LILIANA | CC 1023875208
2026-01-21 15:33:08,818 - INFO - ✅ RODRIGUEZ BARRAGAN JOSE ARMANDO | CC 80251686
2026-01-21 15:33:09,053 - INFO - ✅ ACOSTA CHINCHILLA GLADYS | CC 49664108
2026-01-21 15:33:09,249 - INFO - ✅ BRICENO BRICENO CLAUDIA PATRICIA | CC 52898508
2026-01-21 15:33:09,478 - INFO - ✅ SOTO OLAYA SANDRA PATRICIA | CC 38288876
2026-01-21 15:33:09,679 - INFO - ✅ CEDIEL CARDENAS MABEL DAYANA | CC 1001188448
2026-01-21 15:33:09,887 - INFO - ✅ FAJARDO CORTES ADRIANA MARIA | CC 1019043443
2026-01-21 15:33:10,090 - INFO - ✅ GUALGUAN LONDONO MARIA ISABEL | CC 1030650225
2026-01-21 15:33:10,294 - INFO - ✅ CANO SANCHEZ DIANA EDY | CC 52883615
2026-01-21 15:33:10,501 - INFO - ✅ DIMATE MARTINEZ MAYRA ALEJANDRA | CC 1073717639
2026-01-21 15:33:10,727 - INFO - ✅ ALVAREZ MAHECHA YAZMIN ALEXANDRA | CC 1006178877
2026-01-21 15:33:10,930 - INFO - ✅ ORTIZ PALOMINO GABRIELA | CC 52306945
2026-01-21 15:33:11,156 - INFO - ✅ YAZO ESCOBAR CLAUDIA CONSTANZA | CC 1016033756
2026-01-21 15:33:11,355 - INFO - ✅ BENITEZ CANAS LADDY VANNESA | CC 1024587903
2026-01-21 15:33:11,568 - INFO - ✅ SANCHEZ PEREZ CAMILA ANDREA | CC 35533726
2026-01-21 15:33:11,776 - INFO - ✅ QUIROGA CONTRERAS NATALIA | CC 1024571144
2026-01-21 15:33:12,012 - INFO - ✅ MARTINEZ OROZCO YAREIMIS PATRICIA | CC 1007971476
2026-01-21 15:33:12,226 - INFO - ✅ ROA MAYORGA YESSICA YULIPSA | CC 1001329166
2026-01-21 15:33:12,436 - INFO - ✅ GARZON GARZON SANDRA PATRICIA | CC 52475772
2026-01-21 15:33:12,643 - INFO - ✅ APONTE MERCHAN LIGIA ESPERANZA | CC 52877738
2026-01-21 15:33:12,874 - INFO - ✅ AURELA SILVERA MERLYS DEL MAR | CC 1065621108
2026-01-21 15:33:13,080 - INFO - ✅ ZAPATA MARQUEZ ANGIE JULIETH | CC 1073722047
2026-01-21 15:33:13,306 - INFO - ✅ MESA ABELLO DIANA MAYURY | CC 52876988
2026-01-21 15:33:13,536 - INFO - ✅ ALDANA QUIQUE JUAN CAMILO | CC 1069746202
2026-01-21 15:33:13,844 - INFO - ✅ CHAVEZ AREVALO WILMER FABIAN | CC 1071840636
2026-01-21 15:33:14,091 - INFO - ✅ RODRIGUEZ GONZALEZ GILBERTO | CC 3120834
2026-01-21 15:33:14,378 - INFO - ✅ SERRATO JIMENEZ ANTONIO RICARDO | CC 1073606136
2026-01-21 15:33:14,691 - INFO - ✅ CAMELO ORJUELA ANA MARIA | CC 1007651145
2026-01-21 15:33:15,026 - INFO - ✅ ZAMORA GALLEGO EDGAR LEONARDO | CC 1016008749
2026-01-21 15:33:15,325 - INFO - ✅ ESPITIA TAMAYO MEYLAN ALEXANDRA | CC 1032409169
2026-01-21 15:33:15,589 - INFO - ✅ PENA FORERO YUDY CONSTANZA | CC 52834541
2026-01-21 15:33:15,867 - INFO - ✅ GONZALEZ BALLE DIANA CATERINE | CC 1007185738
2026-01-21 15:33:16,193 - INFO - ✅ VELEZ CARDONA ROMMEL YESID | CC 1031154048
2026-01-21 15:33:16,513 - INFO - ✅ GARCIA BORBON DANIEL RICARDO | CC 11349676
2026-01-21 15:33:16,811 - INFO - ✅ DIAZ BUSTOS JOSE DAVID | CC 1073607570
2026-01-21 15:33:17,144 - INFO - ✅ SUAREZ MONTANO YADY ZORAIDA | CC 1075657661
2026-01-21 15:33:17,463 - INFO - ✅ BELLO VELASQUEZ KAREN GABRIELA | CC 1073607437
2026-01-21 15:33:17,774 - INFO - ✅ BARRAGAN BENITEZ MARY LUZ | CC 52603809
2026-01-21 15:33:18,094 - INFO - ✅ GOMEZ TRIANA ALEJANDRA | CC 1003557208
2026-01-21 15:33:18,323 - INFO - ✅ ORJUELA NOVOA ANDREA TATIANA | CC 1007651420
2026-01-21 15:33:18,572 - INFO - ✅ ESPITIA TAMAYO JULIETH YURANY | CC 1032451426
2026-01-21 15:33:18,764 - INFO - ✅ RAMIREZ ACOSTA ALBA LUZ | CC 1073598285
2026-01-21 15:33:18,988 - INFO - ✅ PAEZ SUAREZ LYDA AZUCENA | CC 1073606685
2026-01-21 15:33:19,222 - INFO - ✅ OLMOS RICO HARVEY FELIPE | CC 1073599557
2026-01-21 15:33:19,444 - INFO - ✅ NINO PEREZ LAURA ALEJANDRA | CC 1007185327
2026-01-21 15:33:19,653 - INFO - ✅ RODRIGUEZ PACHECO LEIDY CAROLINA | CC 1193126779
2026-01-21 15:33:19,874 - INFO - ✅ VANEGAS ASTUDILLO INGRID ELIANA | CC 37444391
2026-01-21 15:33:20,079 - INFO - ✅ MOSQUERA VIRGUEZ CRISTIAN DAVID | CC 1000572987
2026-01-21 15:33:20,304 - INFO - ✅ CHAVES ESPITIA LIZBETH DAYANNA | CC 1073609877
2026-01-21 15:33:20,503 - INFO - ✅ MAHECHA CIFUENTES LINA CONSTANZA | CC 1075651935
2026-01-21 15:33:20,745 - INFO - ✅ BARROS REDONDO HERNANDO ALFONSO | CC 19601446
2026-01-21 15:33:20,964 - INFO - ✅ LOPERA PEREZ JONATHAN DAVID | CC 1007373345
2026-01-21 15:33:21,208 - INFO - ✅ HERRERA AGUIRRE SANDRA MARIA | CC 43344360
2026-01-21 15:33:21,436 - INFO - ✅ MURCIA JARAMILLO VANESSA | CC 1000086395
2026-01-21 15:33:21,738 - INFO - ✅ MAZO VALENCIA ELIZABETH | CC 1044508712
2026-01-21 15:33:22,001 - INFO - ✅ MIRA GARCIA YENY KATERINE | CC 1001635217
2026-01-21 15:33:22,248 - INFO - ✅ GOMEZ RESTREPO HEIDY ALEXANDRA | CC 1044500106
2026-01-21 15:33:22,455 - INFO - ✅ PATINO GOMEZ ALEXANDRA | CC 1044509333
2026-01-21 15:33:22,665 - INFO - ✅ BALBIN TORRES MARIA VANESSA | CC 1001773191
2026-01-21 15:33:22,862 - INFO - ✅ LONDONO PEREZ DIANA MARCELA | CC 1035831524
2026-01-21 15:33:23,098 - INFO - ✅ AYALA GIRALDO KAREN YULIET | CC 1001773625
2026-01-21 15:33:23,295 - INFO - ✅ VIANA GRANDA KELLY JOHANNA | CC 1035859460
2026-01-21 15:33:23,566 - INFO - ✅ MARTINEZ ATEHORTUA VERONICA | CC 1044508212
2026-01-21 15:33:23,770 - INFO - ✅ PEREZ PATINO YESICA DAYANA | CC 1044503781
2026-01-21 15:33:24,008 - INFO - ✅ PALACIO RUIZ LUZ DARY | CC 43185751
2026-01-21 15:33:24,225 - INFO - ✅ GARCIA JIMENEZ DIANA CAROLINA | CC 1037548650
2026-01-21 15:33:24,442 - INFO - ✅ ECHAVARRIA LOPEZ DAHIANA | CC 1018224274
2026-01-21 15:33:24,685 - INFO - ✅ ARBOLEDA ROLDAN ANGIE PAOLA | CC 1002061099
2026-01-21 15:33:24,907 - INFO - ✅ PASTRANA RODRIGUEZ LICETH CAROLINA | CC 1001159299
2026-01-21 15:33:25,148 - INFO - ✅ LONDONO CHAVARRIA DEISY YULIANA | CC 1001480268
2026-01-21 15:33:25,360 - INFO - ✅ VILLEGAS AYALA LUISA FERNANDA | CC 1044505112
2026-01-21 15:33:25,573 - INFO - ✅ VASQUEZ CHAVARRIA YULIANA | CC 1001773173
2026-01-21 15:33:25,786 - INFO - ✅ RAMIREZ ROJAS PAULA ANDREA | CC 1037544204
2026-01-21 15:33:25,990 - INFO - ✅ ATEHORTUA MORA DANIELA | CC 1042773810
2026-01-21 15:33:26,241 - INFO - ✅ GARCIA PEREZ ANA KARINA | CC 1041631680
2026-01-21 15:33:26,504 - INFO - ✅ LOPEZ OSORNO LAURA LIJANE | CC 1000635616
2026-01-21 15:33:26,735 - INFO - ✅ RAMIREZ AGUDELO CLAUDIA VANESSA | CC 1002061505
2026-01-21 15:33:26,935 - INFO - ✅ AMAYA CASTRILLON LINA MARCELA | CC 1000439665
2026-01-21 15:33:27,201 - INFO - ✅ BALBIN CHAVARRIA MARIA CAMILA | CC 1023523322
2026-01-21 15:33:27,531 - INFO - ✅ CHAVARRIA VILLA WILSON ALONSO | CC 98624712
2026-01-21 15:33:27,751 - INFO - ✅ DUNCAN PATINO HAVIT JUNIOR | CC 1007951025
2026-01-21 15:33:27,963 - INFO - ✅ RAMOS DURANGO HANIER GUILLERMO | CC 1067901667
2026-01-21 15:33:28,187 - INFO - ✅ VERGARA BAQUERO RONALD ANDRES | CC 1067901050
2026-01-21 15:33:28,383 - INFO - ✅ FLOREZ ARGEL EDER LUIS | CC 1003143074
2026-01-21 15:33:28,597 - INFO - ✅ MAZUERA TASCON CLAUDIA JUSTINA | CC 66933505
2026-01-21 15:33:28,809 - INFO - ✅ RODRIGUEZ ALARCON AURA MERCEDES | CC 1114830236
2026-01-21 15:33:29,032 - INFO - ✅ VILLOTA MENDEZ LEIDY JOHANA | CC 1114822234
2026-01-21 15:33:29,237 - INFO - ✅ PALACIO SERNA GONZALO IGNACIO | CC 94317099
2026-01-21 15:33:29,455 - INFO - ✅ CAICEDO CUERO ISABEL CRISTINA | CC 29689039
2026-01-21 15:33:29,673 - INFO - ✅ HERNANDEZ SOLARTE MARGARITA MARIA | CC 29673217
2026-01-21 15:33:29,900 - INFO - ✅ NUNEZ JEYKE MARISOL | CC 1114824746
2026-01-21 15:33:30,102 - INFO - ✅ ZAPATA GRANADA LEONARDO JOSE | CC 1144154759
2026-01-21 15:33:30,315 - INFO - ✅ JIMENEZ BETACOURT LUZ ADRIANA | CC 1118256560
2026-01-21 15:33:30,516 - INFO - ✅ BOLANOS URBANO ANYI LORENA | CC 1005865048
2026-01-21 15:33:30,727 - INFO - ✅ BENITEZ REALPE MAICOL | CC 1010118296
2026-01-21 15:33:30,925 - INFO - ✅ GUERRERO TRIBINO ELKIN JOHAN | CC 1112770374
2026-01-21 15:33:31,141 - INFO - ✅ RAMOS RODRIGUEZ DENIS ANDREA | CC 1118283530
2026-01-21 15:33:31,334 - INFO - ✅ QUINONES GALLARDO YULI NATALIA | CC 1114835501
2026-01-21 15:33:31,567 - INFO - ✅ JIMENEZ HERNANDEZ XIMENA MARIA | CC 66660198
2026-01-21 15:33:31,763 - INFO - ✅ VASQUEZ CARO IRMA ALEJANDRA | CC 1006306618
2026-01-21 15:33:32,041 - INFO - ✅ MOLINO BOLIVAR ISIDRA DEL VALLE | CC 5004637883
2026-01-21 15:33:32,258 - INFO - ✅ ARANGO CORTAZAR ANGIE LICET | CC 1114837859
2026-01-21 15:33:32,555 - INFO - ✅ GONZALEZ COBO JONATHAN | CC 6626460
2026-01-21 15:33:32,745 - INFO - ✅ JIMENEZ VACA DORIA ANDREA | CC 29543236
2026-01-21 15:33:32,974 - INFO - ✅ MORENO TORRES LINA MARIA | CC 1114817022
2026-01-21 15:33:33,176 - INFO - ✅ RESTREPO NIETO ADELA | CC 1114819377
2026-01-21 15:33:33,380 - INFO - ✅ VIAFARA COBO YORLADY | CC 1010028544
2026-01-21 15:33:33,583 - INFO - ✅ CHICANGANA ALVAREZ NINA FERNANDA | CC 1107101561
2026-01-21 15:33:33,796 - INFO - ✅ GIRALDO LAMES LEIDY LORENA | CC 1006288671
2026-01-21 15:33:34,020 - INFO - ✅ VALENCIA TOVAR JOHAN STEVEN | CC 1006324467
2026-01-21 15:33:34,267 - INFO - ✅ MORA MARY ISABEL | CC 1114812674
2026-01-21 15:33:34,481 - INFO - ✅ BUITRAGO SALDARRIAGA ALEJANDRO | CC 1114459239
2026-01-21 15:33:34,694 - INFO - ✅ RODRIGUEZ BELTRAN MARTHA YAZMIN | CC 1069717322
2026-01-21 15:33:34,904 - INFO - ✅ LADINO BELTRAN ELIAS | CC 79184299
2026-01-21 15:33:35,116 - INFO - ✅ CHAVEZ PENALOZA HECTOR FABIO | CC 79962260
2026-01-21 15:33:35,329 - INFO - ✅ PINZON PARRA IVONNE NEYIBE | CC 1000156682
2026-01-21 15:33:35,553 - INFO - ✅ OLARTE GONZALEZ YEIMY DANIELA | CC 1031124941
2026-01-21 15:33:35,765 - INFO - ✅ ZUNIGA RAMIREZ GELEN TATIANA | CC 1073717116
2026-01-21 15:33:35,996 - INFO - ✅ BERNAL TUNJANO MARTA LILIANA | CC 53049896
2026-01-21 15:33:36,205 - INFO - ✅ GUTIERREZ GRISALES GLENNYS JOHANA | CC 1074811737
2026-01-21 15:33:36,414 - INFO - ✅ RODRIGUEZ GRISALES STEFANNY | CC 1003540880
2026-01-21 15:33:36,621 - INFO - ✅ CONSTAIN PRADO DARIO ALBERTO | CC 76312611
2026-01-21 15:33:36,829 - INFO - ✅ CASTRO GONZALEZ DIANA MARCELA | CC 52904632
2026-01-21 15:33:37,048 - INFO - ✅ PINILLA FARFAN JENNY LUCERO | CC 53892110
2026-01-21 15:33:37,259 - INFO - ✅ RODRIGUEZ AVILA JACQUELINE | CC 39627478
2026-01-21 15:33:37,460 - INFO - ✅ AROCA DIAZ YENNY CAROLINA | CC 1143927214
2026-01-21 15:33:37,679 - INFO - ✅ CASTANO TINOCO LEIDY | CC 1012460321
2026-01-21 15:33:37,873 - INFO - ✅ BUITRAGO JURADO ANGGIE PAOLA | CC 1023964918
2026-01-21 15:33:38,102 - INFO - ✅ MARTINEZ FERNANDEZ FRANCY JERALDIN | CC 1024528020
2026-01-21 15:33:38,323 - INFO - ✅ BAQUERO BOHORQUEZ NURY JAZMIN | CC 1069725402
2026-01-21 15:33:38,531 - INFO - ✅ ROBAYO RODRIGUEZ CLAUDIA MILENA | CC 1072192547
2026-01-21 15:33:38,735 - INFO - ✅ PINEROS VEGA ROSA HERMINDA | CC 53930672
2026-01-21 15:33:38,956 - INFO - ✅ CASTILLO CALDERON JOHANNSEN | CC 79900749
2026-01-21 15:33:39,157 - INFO - ✅ SABOGAL ROSAS DIANA CECILIA | CC 35252762
2026-01-21 15:33:39,378 - INFO - ✅ QUINTERO SANTOS JOHN FELIPE | CC 81740476
2026-01-21 15:33:39,613 - INFO - ✅ CARO RAMOS FARID ANDRES | CC 1069733962
2026-01-21 15:33:39,842 - INFO - ✅ VIDES GONZALEZ FERNANDO DE JESUS | CC 18927279
2026-01-21 15:33:40,041 - INFO - ✅ CANAVERAL CANO CARLOS HUMBERTO | CC 71021556
2026-01-21 15:33:40,260 - INFO - ✅ ARRUBLA GIOVANNY DE JESUS | CC 71641272
2026-01-21 15:33:40,466 - INFO - ✅ PAMPLONA CARDENAS ORLANDO DE JESUS | CC 71752882
2026-01-21 15:33:40,680 - INFO - ✅ MORALES ZULUAICA MARIA VICTORIA | CC 43701514
2026-01-21 15:33:40,884 - INFO - ✅ GALLEGO CARDONA MARIA VICTORIA | CC 43801815
2026-01-21 15:33:41,114 - INFO - ✅ ROLDAN MARIN MARIA GIRLEZA | CC 43972594
2026-01-21 15:33:41,326 - INFO - ✅ ZAPATA MADRID ERIKA ALEJANDRA | CC 1035228094
2026-01-21 15:33:41,547 - INFO - ✅ VELASQUEZ CARMONA CLAUDIA PATRICIA | CC 1035852573
2026-01-21 15:33:41,754 - INFO - ✅ BUSTAMANTE ECHEVERRI LEIDY JOHANA | CC 1035857520
2026-01-21 15:33:42,007 - INFO - ✅ SALAZAR OLAYA RUTH MARIA | CC 1039689017
2026-01-21 15:33:42,221 - INFO - ✅ CARDONA ARANGO PAULA ANDREA | CC 21493133
2026-01-21 15:33:42,446 - INFO - ✅ IBARGUEN PEREA MARIA AIDEE | CC 35586266
2026-01-21 15:33:42,650 - INFO - ✅ HIDALGO PEREZ ANA ISABEL | CC 39359914
2026-01-21 15:33:42,903 - INFO - ✅ SIERRA MONTOYA YESICA ANDREA | CC 1038113927
2026-01-21 15:33:43,106 - INFO - ✅ CIFUENTES ROJAS ANGY MAYURI | CC 1112958256
2026-01-21 15:33:43,326 - INFO - ✅ SALDARRIAGA MINAYO JULIANA LICETH | CC 1095551233
2026-01-21 15:33:43,530 - INFO - ✅ RODRIGUEZ TABORDA LINA MARCELA | CC 43270952
2026-01-21 15:33:43,793 - INFO - ✅ BLANCO ECHEZURIA NAKARY GRISER | CC 5002353996
2026-01-21 15:33:44,149 - INFO - ✅ HERRERA SEPULVEDA YESICA ANDREA | CC 39389642
2026-01-21 15:33:44,368 - INFO - ✅ MUNOZ MUNOZ CLAUDIA PATRICIA | CC 43727166
2026-01-21 15:33:44,597 - INFO - ✅ SANCHEZ MARULANDA MARIA DOLLY | CC 43813095
2026-01-21 15:33:44,833 - INFO - ✅ HOYOS GALLEGO DIANA PATRICIA | CC 43820871
2026-01-21 15:33:45,037 - INFO - ✅ PAREJA TOBON LEIDY LILIANA | CC 1036839144
2026-01-21 15:33:45,249 - INFO - ✅ GUTIERREZ HENAO LUBENY DEL CARMEN | CC 21443305
2026-01-21 15:33:45,448 - INFO - ✅ ZAPATA CAICEDO ERIKA JANETH | CC 42694477
2026-01-21 15:33:45,672 - INFO - ✅ JARAMILLO ARBOLEDA PAULA ANDREA | CC 21970518
2026-01-21 15:33:45,904 - INFO - ✅ CASTRILLON ISAZA SANDRA MILENA | CC 39358459
2026-01-21 15:33:46,190 - INFO - ✅ RAMIREZ FRUTO GLEISY MAIRETH | CC 22478739
2026-01-21 15:33:46,382 - INFO - ✅ OCAMPO ACEVEDO MARIA ALEJANDRA | CC 1040756883
2026-01-21 15:33:46,603 - INFO - ✅ HERNANDEZ RODRIGUEZ KELLY YURANI | CC 1221977002
2026-01-21 15:33:46,800 - INFO - ✅ TABORDA OSORIO JULIANA ANDREA | CC 1007633036
2026-01-21 15:33:47,025 - INFO - ✅ AREIZA PULGARIN CHRISTIAN FELIPE | CC 1035863100
2026-01-21 15:33:47,232 - INFO - ✅ ARCIA PALACIO CAMILA ANDREA | CC 1001533603
2026-01-21 15:33:47,457 - INFO - ✅ FONSECA CABALLERO LUISA FERNANDA | CC 1007630786
2026-01-21 15:33:47,680 - INFO - ✅ FLOREZ ANGULO SOFIA | CC 1011590301
2026-01-21 15:33:47,899 - INFO - ✅ MANTILLA RUA YAIMA VERONICA | CC 1017209806
2026-01-21 15:33:48,125 - INFO - ✅ OSORIO VALENCIA MARIANA | CC 1000637765
2026-01-21 15:33:48,366 - INFO - ✅ NORENA GALEANO JENNY KATERINE | CC 1037949684
2026-01-21 15:33:48,567 - INFO - ✅ MURILLO MONTOYA DANIELA MARIA | CC 1000657666
2026-01-21 15:33:48,795 - INFO - ✅ ARISTIZABAL DAZA KEVIN ESTEBAN | CC 1037973216
2026-01-21 15:33:49,008 - INFO - ✅ MARIN SERNA SAMUEL | CC 1000296117
2026-01-21 15:33:49,225 - INFO - ✅ ALZATE MEDINA LEIDY ANDREA | CC 1036619294
2026-01-21 15:33:49,430 - INFO - ✅ CARMONA MUNOZ MORELIA DE JESUS | CC 44005151
2026-01-21 15:33:49,646 - INFO - ✅ QUERUBIN ESTRADA CHEYLA YUSMELLY | CC 1005187065
2026-01-21 15:33:49,851 - INFO - ✅ VAHOS CASTANEDA LAURA | CC 1001142240
2026-01-21 15:33:50,084 - INFO - ✅ DURANGO NAUFFAL JOSE JULIAN | CC 1004012443
2026-01-21 15:33:50,286 - INFO - ✅ LOPEZ BORNACHERA NEUDIS DUVIS | CC 1118820362
2026-01-21 15:33:50,508 - INFO - ✅ LOAIZA GRACIANO IVAN DARIO | CC 71986293
2026-01-21 15:33:50,715 - INFO - ✅ ANDRADE PALACIOS ENIT EDUARDO | CC 11805409
2026-01-21 15:33:50,924 - INFO - ✅ BOHORQUEZ CORDOBA MARIANA | CC 1035874928
2026-01-21 15:33:51,139 - INFO - ✅ MONSALVO ARROYO LUIS ALBERTO | CC 1083554577
2026-01-21 15:33:51,361 - INFO - ✅ JIMENEZ AGUDELO JORGE ALEXANDER | CC 1001738504
2026-01-21 15:33:51,558 - INFO - ✅ MENDOZA SUAREZ LUIS ALFREDO | CC 1007263341
2026-01-21 15:33:51,783 - INFO - ✅ ALVAREZ GARCIA ANA EDYD | CC 35427191
2026-01-21 15:33:52,042 - INFO - ✅ MATEUS ESCAMILLA MARIA DE LOS ANGELES | CC 1101018379
2026-01-21 15:33:52,277 - INFO - ✅ QUINTERO CUEVAS NURY LISBETH | CC 1019050953
2026-01-21 15:33:52,488 - INFO - ✅ MONTENEGRO PINTO SANDRA YASMINA | CC 35378142
2026-01-21 15:33:52,710 - INFO - ✅ VERA ARANGO ANGELA MARIA | CC 1193208753
2026-01-21 15:33:52,922 - INFO - ✅ SOATERNA DUARTE LAURA VANESSA | CC 1101018644
2026-01-21 15:33:53,151 - INFO - ✅ MADRID ARBOLEDA LIZETH VANESSA | CC 1128451828
2026-01-21 15:33:53,367 - INFO - ✅ PALACIO TINOCO EVARISTO JOSE | CC 1126251715
2026-01-21 15:33:53,573 - INFO - ✅ CABEZAS AVILA INOCENCIO | CC 1078826062
2026-01-21 15:33:53,766 - INFO - ✅ MONTES RAMOS JORGEN ELIECER | CC 1045169363
2026-01-21 15:33:54,034 - INFO - ✅ GARCIA RIVERA MARTHA LUCIA | CC 34608530
2026-01-21 15:33:54,246 - INFO - ✅ MEZU ANGULO ILDA MARIA | CC 1130945103
2026-01-21 15:33:54,480 - INFO - ✅ SILVA MINA YULIETH | CC 1062276008
2026-01-21 15:33:54,684 - INFO - ✅ GETIAL OJEDA YULIANA | CC 1059980990
2026-01-21 15:33:54,910 - INFO - ✅ OCORO MURILLO KATHERINE | CC 1062329168
2026-01-21 15:33:55,131 - INFO - ✅ POPO VIAFARA YUDDELI | CC 1062278866
2026-01-21 15:33:55,405 - INFO - ✅ ABONIA NAZARITH MARITHZABEL | CC 67010838
2026-01-21 15:33:55,612 - INFO - ✅ FIGUEROA MARQUEZ LUZ DENNY | CC 1059984378
2026-01-21 15:33:55,839 - INFO - ✅ PERLAZA CUADROS GINA MARCELA | CC 1059984502
2026-01-21 15:33:56,042 - INFO - ✅ VIAFARA LERMA MARIA YOLEIMY | CC 34609186
2026-01-21 15:33:56,385 - INFO - ✅ LUCUMI CUADROS SANDRA YULIETH | CC 25618120
2026-01-21 15:33:56,625 - INFO - ✅ TALAGA MOSQUERA NERLY PAOLA | CC 1059846107
2026-01-21 15:33:56,871 - INFO - ✅ BALANTA MINA MARYBEL | CC 34615839
2026-01-21 15:33:57,080 - INFO - ✅ BETANCOURT MEJIA SILENA | CC 34609784
2026-01-21 15:33:57,325 - INFO - ✅ MONTANO BRAND ERIKA YADIRA | CC 1062279469
2026-01-21 15:33:57,538 - INFO - ✅ PENA MINA MARILYN | CC 31538280
2026-01-21 15:33:57,763 - INFO - ✅ OCORO OLAYA JOHANNA MARCELA | CC 1130620750
2026-01-21 15:33:57,965 - INFO - ✅ VILLALOBOS VIAFARA JERLY | CC 1130947596
2026-01-21 15:33:58,190 - INFO - ✅ MEDINA RENDON CLAUDIA STELLA | CC 1061737444
2026-01-21 15:33:58,384 - INFO - ✅ CASTANEDA ELEJALDE OLGA LUCERO | CC 1062282187
2026-01-21 15:33:58,601 - INFO - ✅ FLOR MURILLO SAMANTHA | CC 1062305071
2026-01-21 15:33:58,799 - INFO - ✅ MANZANO OJEDA MARIA ALEJANDRA | CC 1085256663
2026-01-21 15:33:59,045 - INFO - ✅ ROMERO LASSO DIANA VANESSA | CC 1130950350
2026-01-21 15:33:59,271 - INFO - ✅ OCHOA LUCUMI DANNA SOLANLLY | CC 1006207009
2026-01-21 15:33:59,495 - INFO - ✅ GOMEZ HURTADO MELANY YINETH | CC 1002857950
2026-01-21 15:33:59,701 - INFO - ✅ MICOLTA LUCUMI MARIA CRUZ | CC 25617871
2026-01-21 15:33:59,918 - INFO - ✅ CAMPO SOLARTE YAJAYRA | CC 1059985062
2026-01-21 15:34:00,128 - INFO - ✅ DIAZ VIAFARA LUISA FERNANDA | CC 1006208156
2026-01-21 15:34:00,351 - INFO - ✅ ROMERO CHARA MIRNA LLURECI | CC 1130947401
2026-01-21 15:34:00,550 - INFO - ✅ HERRERA CASTILLO ASTRID CAROLINA | CC 1130944169
2026-01-21 15:34:00,767 - INFO - ✅ BOCANEGRA GONZALEZ ROCIO | CC 1193578307
2026-01-21 15:34:00,965 - INFO - ✅ BASTO YULE EDWIN | CC 17788373
2026-01-21 15:34:01,190 - INFO - ✅ ORTIZ MOSQUERA RIGOBERTO | CC 10489572
2026-01-21 15:34:01,430 - INFO - ✅ SANCHEZ CASTILLO MARIA DEL CARMEN | CC 52841622
2026-01-21 15:34:01,666 - INFO - ✅ FLOR MURILLO OSCAR EDUARDO | CC 1062310873
2026-01-21 15:34:01,877 - INFO - ✅ CAICEDO GONZALES STIVEN ELIECER | CC 1007877153
2026-01-21 15:34:02,161 - INFO - ✅ ZAPATA COLLAZOS SILVIO EVELIO | CC 1062323411
2026-01-21 15:34:02,372 - INFO - ✅ SOLIS COLLAZOS ANDRES FELIPE | CC 1130949782
2026-01-21 15:34:02,594 - INFO - ✅ PALECHOR PENA ESTEFANIA | CC 1062328827
2026-01-21 15:34:02,790 - INFO - ✅ NAVAS PERENGUEZ ADRIAN | CC 7061761
2026-01-21 15:34:03,011 - INFO - ✅ OSORIO ORTIZ DIEGO ALEJANDRO | CC 1083864636
2026-01-21 15:34:03,211 - INFO - ✅ JEFERSON QUIRA | CC 1083913682
2026-01-21 15:34:03,435 - INFO - ✅ PINO CUCHUMBE HUGO HERNAN | CC 83042589
2026-01-21 15:34:03,658 - INFO - ✅ QUISOBONY GOMEZ JHON FREDY | CC 1083878596
2026-01-21 15:34:03,883 - INFO - ✅ VALDERRAMA TRUJILLO GERMAN | CC 12238357
2026-01-21 15:34:04,127 - INFO - ✅ CASTRILLON DORADO YEFERSON IVAN | CC 1143960309
2026-01-21 15:34:04,340 - INFO - ✅ BAUTISTA GOMEZ LAURA CAROLINA | CC 1151962897
2026-01-21 15:34:04,561 - INFO - ✅ VALDERRAMA MONROY LAURA CAMILA | CC 1110577341
2026-01-21 15:34:04,780 - INFO - ✅ FIGUEREDO EUSSE ANDREA CAROLINA | CC 1193559361
2026-01-21 15:34:04,988 - INFO - ✅ BLANCO FAJARDO ISMENIA MERCEDES | CC 1005893754
2026-01-21 15:34:05,207 - INFO - ✅ GONZALES DINAS LESLIE MARIETH | CC 1005871548
2026-01-21 15:34:05,404 - INFO - ✅ GARCES CIFUENTES JULIANA | CC 1005896601
2026-01-21 15:34:05,631 - INFO - ✅ RODRIGUEZ POSADA SERGIO GEOVANNY | CC 1042092648
2026-01-21 15:34:05,830 - INFO - ✅ ECHEVERRI CIFUENTES DANIEL | CC 1035437840
2026-01-21 15:34:06,082 - INFO - ✅ VALENCIA DUQUE ESTEBAN ALBERTO | CC 1035388946
2026-01-21 15:34:06,301 - INFO - ✅ POLO BORRERO DIEGO FERNANDO | CC 1077850836
2026-01-21 15:34:06,512 - INFO - ✅ GOMEZ CIFUENTES CRISTIAN ANDRES | CC 1083839965
2026-01-21 15:34:06,716 - INFO - ✅ SANCHEZ RODRIGUEZ LUIS JULIAN | CC 86074588
2026-01-21 15:34:07,061 - INFO - ✅ ANDRADE VILLEGAS OSCAR HUMBERTO | CC 12370474
2026-01-21 15:34:07,268 - INFO - ✅ HERNANDEZ MAHECHA PABLO ANDRES | CC 1068975728
2026-01-21 15:34:07,508 - INFO - ✅ PIAMBA ROJAS BRAYAN ESTIVEN | CC 1007284540
2026-01-21 15:34:07,710 - INFO - ✅ CORTES GUTIERREZ LUIS FERNANDO | CC 79667043
2026-01-21 15:34:07,923 - INFO - ✅ GOMEZ QUIROZ DUVAN GABRIEL | CC 1077874332
2026-01-21 15:34:08,128 - INFO - ✅ MORENO RAMIREZ JUAN GABRIEL | CC 1004416257
2026-01-21 15:34:08,341 - INFO - ✅ HERNANDEZ NANEZ FRANKLIN | CC 1007385557
2026-01-21 15:34:08,555 - INFO - ✅ ARIAS MONTERO KEVIN EDMUNDO | CC 1123203419
2026-01-21 15:34:08,782 - INFO - ✅ CEBALLOS YAGUAPAZ JESSID DELBERTO | CC 1124863676
2026-01-21 15:34:08,990 - INFO - ✅ HERNANDEZ BENAVIDES MIGUEL LEONARDO | CC 1003496215
2026-01-21 15:34:09,209 - INFO - ✅ SALAS PEREZ GUSTAVO EFREN | CC 83161076
2026-01-21 15:34:09,404 - INFO - ✅ RENDON CARDOZO ALEX FABIAN | CC 1006847007
2026-01-21 15:34:09,648 - INFO - ✅ CHAVEZ BENAVIDES CARLOS ANDRES | CC 1124850363
2026-01-21 15:34:09,844 - INFO - ✅ POLANIA AVILA JESUS ARIEL | CC 1083838105
2026-01-21 15:34:10,068 - INFO - ✅ MARIN GOMEZ EFREN | CC 83044650
2026-01-21 15:34:10,272 - INFO - ✅ VALDERRAMA RAMIREZ JOSE EDUARDO | CC 1080183596
2026-01-21 15:34:10,488 - INFO - ✅ CERON YELA CLINTON ANDRES | CC 1083903043
2026-01-21 15:34:10,689 - INFO - ✅ MOTTA POLANIA FREDY | CC 7726912
2026-01-21 15:34:10,902 - INFO - ✅ TRUJILLO TOVAR SILVIA MELISSA | CC 1004252359
2026-01-21 15:34:11,102 - INFO - ✅ BEJARANO BONILLA NICOLAS | CC 1105615406
2026-01-21 15:34:11,322 - INFO - ✅ VAZQUEZ GUZMAN DANILO ANDRES | CC 1105685501
2026-01-21 15:34:11,521 - INFO - ✅ GRAJALES HERRERA YESID ALEXANDER | CC 1109298180
2026-01-21 15:34:11,735 - INFO - ✅ FAJARDO CESPEDES JAMES FABIAN | CC 1110588117
2026-01-21 15:34:11,961 - INFO - ✅ GARCIA VARON JENNY ROCIO | CC 65780433
2026-01-21 15:34:12,207 - INFO - ✅ PARRA CASTELLANOS JOAN ESTEBAN | CC 1069738986
2026-01-21 15:34:12,403 - INFO - ✅ SUAREZ RODRIGUEZ CRISTIAN CAMILO | CC 1069743692
2026-01-21 15:34:12,643 - INFO - ✅ MUNOZ OCHOA WILSON JAVIER | CC 11257710
2026-01-21 15:34:12,845 - INFO - ✅ MORA ARGUELLO CRISTIAN ALEJANDRO | CC 1069759664
2026-01-21 15:34:13,070 - INFO - ✅ MOLANO RUIZ MARCOS ALBEIRO | CC 1072492633
2026-01-21 15:34:13,275 - INFO - ✅ PINZON CAMACHO LUIS HERNANDO | CC 1005294651
2026-01-21 15:34:13,490 - INFO - ✅ PARRA PEREZ BRAYAN ALFONSO | CC 1069754556
2026-01-21 15:34:13,699 - INFO - ✅ LYNN HERNANDEZ CARLOS EDUARDO | CC 79834568
2026-01-21 15:34:13,911 - INFO - ✅ SANTIAGO REINA MARXIS | CC 1069716365
2026-01-21 15:34:14,135 - INFO - ✅ VENEGAS OVIEDO JONATAN ANDRES | CC 1072494964
2026-01-21 15:34:14,358 - INFO - ✅ TORRES POVEDA MARISOL | CC 1069739665
2026-01-21 15:34:14,572 - INFO - ✅ DELGADO GAONA LUIS DAVID | CC 11258369
2026-01-21 15:34:14,794 - INFO - ✅ VILLALOBOS MERCHAN HEBERTH FABIAN | CC 1193223033
2026-01-21 15:34:14,989 - INFO - ✅ POLANIA PERDOMO WILSON | CC 83225346
2026-01-21 15:34:15,229 - INFO - ✅ CERON HERNANDEZ KENNER JHOAN | CC 1124866285
2026-01-21 15:34:15,429 - INFO - ✅ GOMEZ PORTILLA JAHIR SEBASTIAN | CC 1193239996
2026-01-21 15:34:15,657 - INFO - ✅ QUIROZ MOTTA JOSE ANDRES | CC 1117548556
2026-01-21 15:34:15,864 - INFO - ✅ GARZON GAMA JOHAN STEVEN | CC 1007361262
2026-01-21 15:34:16,073 - INFO - ✅ GAMBOA PAPAMIJA EIVAR FERNANDO | CC 1083888495
2026-01-21 15:34:16,282 - INFO - ✅ PERDOMO SANCHEZ WILINTON | CC 83252015
2026-01-21 15:34:16,493 - INFO - ✅ MANQUILLO BAMBAGUE YULI ALEJANDRA | CC 1061769511
2026-01-21 15:34:16,704 - INFO - ✅ DIANA MONTANA | CC 1006516528
2026-01-21 15:34:16,918 - INFO - ✅ RUIZ CHANCHI ARGENIS | CC 1124852781
2026-01-21 15:34:17,122 - INFO - ✅ YARA PENA YURY TATIANA | CC 1083865301
2026-01-21 15:34:17,419 - INFO - ✅ MORENO ORTEGON HELBER FABIAN | CC 1069766652
2026-01-21 15:34:17,632 - INFO - ✅ RIVERA RIOS ANYI LORENA | CC 1130948525
2026-01-21 15:34:17,860 - INFO - ✅ MELO PINEDA DANY HUMBERTO | CC 1234639274
2026-01-21 15:34:18,063 - INFO - ✅ CUBILLOS RAMIREZ MIGUEL ANGEL | CC 1106634692
2026-01-21 15:34:18,286 - INFO - ✅ GUARNIZO TAPIERO JOHAO CARLOS | CC 14013844
2026-01-21 15:34:18,482 - INFO - ✅ ROMERO FUERTES ANDRES FELIPE | CC 1108453363
2026-01-21 15:34:18,691 - INFO - ✅ ZAMORA MORENO LUISA FERNANDA | CC 1006126884
2026-01-21 15:34:18,895 - INFO - ✅ PARRA ESCOBAR MAYERLI | CC 1109383284
2026-01-21 15:34:19,114 - INFO - ✅ MONTEALEGRE MONTEALEGRE CRISTIAN CAMILO | CC 1109266284
2026-01-21 15:34:19,326 - INFO - ✅ SUAREZ DIAZ JUAN DAVID | CC 1005773647
2026-01-21 15:34:19,543 - INFO - ✅ VARGAS ORTIZ GABRIEL RICARDO | CC 1071548864
2026-01-21 15:34:19,732 - INFO - ✅ VILLAMIL VEGA WILLIAM ALEXANDER | CC 1104776556
2026-01-21 15:34:19,941 - INFO - ✅ BOYACA VERA HECTOR ALFONSO | CC 80775228
2026-01-21 15:34:20,140 - INFO - ✅ MENDEZ RAMIREZ SHALOOM DEYIRETH | CC 1034516428
2026-01-21 15:34:20,353 - INFO - ✅ RINCON UBAQUE ANGIE PAOLA | CC 1069765026
2026-01-21 15:34:20,558 - INFO - ✅ CADENA VANEGAS PAULA ALEJANDRA | CC 1005777668
2026-01-21 15:34:20,775 - INFO - ✅ SANABRIA MUNOZ MARIA GISETH | CC 65824712
2026-01-21 15:34:20,980 - INFO - ✅ MUNOZ BRAVO ANDREA DEL PILAR | CC 1007531367
2026-01-21 15:34:21,193 - INFO - ✅ SUAREZ YENCY YULIETH | CC 1083917859
2026-01-21 15:34:21,397 - INFO - ✅ GUZMAN CIFUENTES LAURA CAMILA | CC 1075318151
2026-01-21 15:34:21,613 - INFO - ✅ OYOLA MENDEZ DANEYI | CC 1032461576
2026-01-21 15:34:21,810 - INFO - ✅ RAMIREZ GONZALEZ JORGE EDISSON | CC 7716979
2026-01-21 15:34:22,165 - INFO - ✅ BERRIO LLANOS ANA YIBE | CC 1077865370
2026-01-21 15:34:22,356 - INFO - ✅ CRUZ ORTIZ DIANA PATRICIA | CC 65771070
2026-01-21 15:34:22,575 - INFO - ✅ CARVAJAL RAMOS ISRAEL | CC 1083910342
2026-01-21 15:34:22,777 - INFO - ✅ CALDERON VARGAS ANDRES | CC 4888691
2026-01-21 15:34:23,023 - INFO - ✅ ANDRADE SANCHEZ KATHERINE | CC 1079183204
2026-01-21 15:34:23,233 - INFO - ✅ CAICEDO VELARDE JHONNY | CC 94329937
2026-01-21 15:34:23,448 - INFO - ✅ PEREZ MARULANDA MARLON MAURICIO | CC 94477707
2026-01-21 15:34:23,650 - INFO - ✅ ARANGO QUINTERO DANIELA FERNANDA | CC 1113309241
2026-01-21 15:34:23,870 - INFO - ✅ PENCUE MARTINEZ CINDY GABRIELA | CC 1107105369
2026-01-21 15:34:24,077 - INFO - ✅ LONDONO RAMIREZ CLAIRETH SHAKIRA | CC 1061825862
2026-01-21 15:34:24,303 - INFO - ✅ SOCHA MORENO JUAN DAVID | CC 1024542718
2026-01-21 15:34:24,528 - INFO - ✅ GONZALEZ HERNANDEZ JENNIFER | CC 1088267868
2026-01-21 15:34:24,768 - INFO - ✅ MEJIA RIOS ANDRES MAURICIO | CC 15963090
2026-01-21 15:34:24,967 - INFO - ✅ MEJIA IDROBO JESSICA LORENA | CC 1112226423
2026-01-21 15:34:25,211 - INFO - ✅ GALLEGO CASTANEDA CLAUDIA PATRICIA | CC 1143836828
2026-01-21 15:34:25,409 - INFO - ✅ TALAGA RESTREPO ANA MABEL | CC 29115810
2026-01-21 15:34:25,653 - INFO - ✅ MORERA GONZALEZ CLAUDIA PATRICIA | CC 52736881
2026-01-21 15:34:25,861 - INFO - ✅ GONZALEZ PUERTAS JHON EDWAR | CC 94362378
2026-01-21 15:34:26,097 - INFO - ✅ MOLINA ROJAS ALEJANDRO | CC 1105786419
2026-01-21 15:34:26,309 - INFO - ✅ SIERRA ESPITIA JOSE ANTONIO | CC 1026282022
2026-01-21 15:34:26,533 - INFO - ✅ BORNACELLI MEJIA FABIAN ENRIQUE | CC 1065640168
2026-01-21 15:34:26,732 - INFO - ✅ GALVIS MONTOYA LUIS FERNANDO | CC 14274448
2026-01-21 15:34:26,951 - INFO - ✅ ATEHORTUA CALLE MARBEY UBELAHIDER | CC 1023724527
2026-01-21 15:34:27,160 - INFO - ✅ CASTRO OTERO LADY TATIANA | CC 1095827723
2026-01-21 15:34:27,408 - INFO - ✅ SOTO LISCANO CAMILO ANDRES | CC 1075318517
2026-01-21 15:34:27,626 - INFO - ✅ POLO OVALLES SERGIO ANDRES | CC 1077840827
2026-01-21 15:34:27,849 - INFO - ✅ JUAJIVIOY BURGOS ANDRES FABIAN | CC 1124857847
2026-01-21 15:34:28,052 - INFO - ✅ HURTADO TUNUBALA WILSON ANTONIO | CC 4929250
2026-01-21 15:34:28,287 - INFO - ✅ MELO MORAN VICTOR HUGO | CC 1125408826
2026-01-21 15:34:28,565 - INFO - ✅ AGUDELO RINCON JEFFERSON ANDRES | CC 1127075126
2026-01-21 15:34:28,777 - INFO - ✅ SANTAMARIA ZAMBRANO BARNABY JHON | CC 15571908
2026-01-21 15:34:28,969 - INFO - ✅ QUIACHA CASTANO EIDER | CC 1077845108
2026-01-21 15:34:29,188 - INFO - ✅ CARDOZO SANTANILLA WALTER MAURICIO | CC 83043525
2026-01-21 15:34:29,381 - INFO - ✅ PISSO PISSO MILLER EDUARDO | CC 1083917865
2026-01-21 15:34:29,613 - INFO - ✅ PASTRANA MOTTA RUFI WILSON | CC 12208451
2026-01-21 15:34:29,822 - INFO - ✅ FUENTES ACOSTA WILSON JAIR | CC 15571966
2026-01-21 15:34:30,043 - INFO - ✅ ASTUDILLO MONTES BRAYAN JAVIER | CC 1083928187
2026-01-21 15:34:30,245 - INFO - ✅ CARDOZO SANTANILLA ORLANDO ANDRES | CC 12266083
2026-01-21 15:34:30,466 - INFO - ✅ LEAL PEREZ JUAN MANUEL | CC 1075287845
2026-01-21 15:34:30,657 - INFO - ✅ CARDOZO SOTO HAIR | CC 1078777809
2026-01-21 15:34:30,883 - INFO - ✅ FAJARDO PERDOMO EMERSON | CC 1078777060
2026-01-21 15:34:31,116 - INFO - ✅ ANDRADE YELA MIGUEL ANGEL | CC 1124854851
2026-01-21 15:34:31,341 - INFO - ✅ ENRIQUEZ HAROLD ADRIAN | CC 12752577
2026-01-21 15:34:31,550 - INFO - ✅ SENDOYA SANCHEZ YAMITH | CC 4888498
2026-01-21 15:34:31,778 - INFO - ✅ CORTES NINO YEFERSSON JAVIER | CC 1077870647
2026-01-21 15:34:32,001 - INFO - ✅ ROJAS TORRES YAMID | CC 1083909255
2026-01-21 15:34:32,260 - INFO - ✅ RINCON CHAVEZ JULIO FERNEY | CC 1127071949
2026-01-21 15:34:32,451 - INFO - ✅ SALAZAR SUAREZ SEBASTIAN FELIPE | CC 1075258864
2026-01-21 15:34:32,666 - INFO - ✅ OBANDO MANQUILLO JHON JAMES | CC 18104604
2026-01-21 15:34:32,865 - INFO - ✅ FERNANDO VARGAS | CC 12232630
2026-01-21 15:34:33,084 - INFO - ✅ MANRIQUE CHAVARRO ALVARO | CC 12206705
2026-01-21 15:34:33,294 - INFO - ✅ RIVERA GRAJALES ALONSO | CC 5989294
2026-01-21 15:34:33,518 - INFO - ✅ SANCHEZ TRUJILLO ALEJANDRO | CC 1007342100
2026-01-21 15:34:33,717 - INFO - ✅ FIGUEROA CASTILLO JAIME | CC 1083880392
2026-01-21 15:34:33,936 - INFO - ✅ PALACIOS PORTILLA CHRISTIAN MAURICIO | CC 1085292940
2026-01-21 15:34:34,156 - INFO - ✅ BENAVIDES IMBAJOA YIMER ARMANDO | CC 1124852280
2026-01-21 15:34:34,372 - INFO - ✅ ORTIZ RIOS VICTOR ALFONSO | CC 1083874553
2026-01-21 15:34:34,581 - INFO - ✅ RAMIREZ SUAREZ DUVAN HERNANDO | CC 1083840740
2026-01-21 15:34:34,794 - INFO - ✅ BORRERO LEON JORGE HERNAN | CC 1077849987
2026-01-21 15:34:34,997 - INFO - ✅ BENAVIDES JORGE ROBERTO | CC 18104032
2026-01-21 15:34:35,232 - INFO - ✅ SIERRA PEDROZA WILLIAN FERNANDO | CC 12210612
2026-01-21 15:34:35,429 - INFO - ✅ GURRUTE YELA BRAYAN YESID | CC 1007563258
2026-01-21 15:34:35,659 - INFO - ✅ ERAZO ORTEGA ELIAS EDUARDO | CC 1124859063
2026-01-21 15:34:35,859 - INFO - ✅ MOTTA ESCOBAR LUIS EDUARDO | CC 83182057
2026-01-21 15:34:36,066 - INFO - ✅ MEDINA HERRERA FENDEL | CC 79212826
2026-01-21 15:34:36,279 - INFO - ✅ BAUTISTA CALDERON YILMER ESNEIDER | CC 1077853322
2026-01-21 15:34:36,493 - INFO - ✅ AGUDELO MORENO LISARDO | CC 12193860
2026-01-21 15:34:36,689 - INFO - ✅ ROJAS GARCIA ABELARDO | CC 12210445
2026-01-21 15:34:36,904 - INFO - ✅ ESTRELLA CORTES ALES JAVIER | CC 87473840
2026-01-21 15:34:37,107 - INFO - ✅ MONTANA ARBELAEZ EVERT ESMID | CC 1083838818
2026-01-21 15:34:37,333 - INFO - ✅ RIOS GRAJALES EDGAR AUGUSTO | CC 12237725
2026-01-21 15:34:37,544 - INFO - ✅ QUIGUANAS BRAVO RICHAR CLEIDER | CC 1114873072
2026-01-21 15:34:37,753 - INFO - ✅ GARZON GARZON JUAN DAVID | CC 1004417440
2026-01-21 15:34:37,960 - INFO - ✅ LOSADA VERJAN JAIR | CC 80792053
2026-01-21 15:34:38,170 - INFO - ✅ RODRIGUEZ GUAPACHA ROBINSON RODRIGO | CC 1123313030
2026-01-21 15:34:38,369 - INFO - ✅ SAMUDIO MORA MILTON YOVANY | CC 1127070722
2026-01-21 15:34:38,594 - INFO - ✅ PIAMBA ROJAS WILLIAM EDUARDO | CC 1083866522
2026-01-21 15:34:38,839 - INFO - ✅ PLAZA LOPEZ WILLIAM YESID | CC 83044622
2026-01-21 15:34:39,064 - INFO - ✅ ALVIZ JOSE MIGUEL | CC 1127075471
2026-01-21 15:34:39,270 - INFO - ✅ CHECA CORREA VICTOR ALFONSO | CC 1125408242
2026-01-21 15:34:39,491 - INFO - ✅ ARIAS MONTERO JOHN FREDDY | CC 1125409043
2026-01-21 15:34:39,716 - INFO - ✅ RINCON PABON VICTOR ALFONSO | CC 1085251417
2026-01-21 15:34:39,934 - INFO - ✅ FAJARDO PERDOMO JOHN JAIRO | CC 1083866045
2026-01-21 15:34:40,161 - INFO - ✅ SANCHEZ HERNANDEZ FERNANDO | CC 12208742
2026-01-21 15:34:40,367 - INFO - ✅ BURGOS CHAVEZ JOSE RAFAEL | CC 1107036303
2026-01-21 15:34:40,581 - INFO - ✅ OVIEDO RODRIGUEZ LUIS JAVIER | CC 18128634
2026-01-21 15:34:40,781 - INFO - ✅ TORRES PENA CRISTIAN CAMILO | CC 1004493258
2026-01-21 15:34:40,981 - INFO - ✅ RAMON HUELGOS EIDER | CC 1077847688
2026-01-21 15:34:41,192 - INFO - ✅ PISSO PISSO EDGAR ENRIQUE | CC 1083912524
2026-01-21 15:34:41,391 - INFO - ✅ PERDOMO JOSE EDILMER | CC 1084867780
2026-01-21 15:34:41,619 - INFO - ✅ HUELGOS PEREZ JHON JAIRO | CC 12202451
2026-01-21 15:34:41,813 - INFO - ✅ DAZA ROJAS YAIRIME | CC 12325384
2026-01-21 15:34:42,069 - INFO - ✅ PANTOJA OBANDO ROBINSON YAMID | CC 1193122851
2026-01-21 15:34:42,279 - INFO - ✅ PARRA OVIEDO CARLOS HERNAN | CC 1083911220
2026-01-21 15:34:42,513 - INFO - ✅ BETANCOURT TRIVINO JHON FREDY | CC 1083894984
2026-01-21 15:34:42,709 - INFO - ✅ ALVAREZ PERDOMO HAIVIYED | CC 1079389083
2026-01-21 15:34:42,933 - INFO - ✅ JOJOA CHALPARIZAN JHON FREDY | CC 1121507557
2026-01-21 15:34:43,142 - INFO - ✅ SARRIA VALDERRAMA MARLON NAIN | CC 12241223
2026-01-21 15:34:43,349 - INFO - ✅ CORDOBA FLOREZ DUVAN JAVIER | CC 1083922849
2026-01-21 15:34:43,557 - INFO - ✅ COLONIA PARRA PEDRO ANDRES | CC 1127079627
2026-01-21 15:34:43,786 - INFO - ✅ BOLANOS MERA EDWIN RUBEN | CC 1125410725
2026-01-21 15:34:43,996 - INFO - ✅ LOZANO ROJAS MARIA ALEJANDRA | CC 1083899048
2026-01-21 15:34:44,225 - INFO - ✅ HURTADO ASTUDILLO LEIDY TATIANA | CC 1118541128
2026-01-21 15:34:44,421 - INFO - ✅ RUANO IMBACHI SHIRLEY CONSTANZA | CC 1004441793
2026-01-21 15:34:44,645 - INFO - ✅ QUICENO ARTEAGA ANDRES | CC 1125182759
2026-01-21 15:34:44,858 - INFO - ✅ INCHIMA ZAMBRANO VICTOR HUGO | CC 18125091
2026-01-21 15:34:45,082 - INFO - ✅ TRUJILLO SANCHEZ ELIECER | CC 12239279
2026-01-21 15:34:45,309 - INFO - ✅ ROJAS VEGA JORGE | CC 7685012
2026-01-21 15:34:45,531 - INFO - ✅ HERNANDEZ TRUJILLO RENE | CC 83163202
2026-01-21 15:34:45,736 - INFO - ✅ PAZ DURAN CARLOS EDUARDO | CC 15572080
2026-01-21 15:34:46,025 - INFO - ✅ TRUJILLO CHAVARRO ENRIQUE | CC 12194616
2026-01-21 15:34:46,222 - INFO - ✅ STERLING TEJADA ANDRES | CC 1083876470
2026-01-21 15:34:46,435 - INFO - ✅ PEREZ CLAROS YEISON ANDRES | CC 1007364291
2026-01-21 15:34:46,633 - INFO - ✅ ALMARIO VEGA ELVIS EDUARDO | CC 1110538271
2026-01-21 15:34:46,857 - INFO - ✅ LOPEZ SAENZ FABIAN ANDRES | CC 1075254900
2026-01-21 15:34:47,076 - INFO - ✅ GOMEZ NOGUERA BAYRON STIVEN | CC 1006948661
2026-01-21 15:34:47,296 - INFO - ✅ ZAMBRANO CUARAN ANDERSON FERNANDO | CC 1123315750
2026-01-21 15:34:47,489 - INFO - ✅ REVELO DEL CASTILLO CRISTIAN | CC 1125410378
2026-01-21 15:34:47,713 - INFO - ✅ PANTOJA LOPEZ NELSON LIBARDO | CC 1122337859
2026-01-21 15:34:47,924 - INFO - ✅ ESCOBAR CORREA SNELIYER STIVEN | CC 1006511106
2026-01-21 15:34:48,149 - INFO - ✅ BOLANOS JESUS EDUARDO | CC 1124853497
2026-01-21 15:34:48,342 - INFO - ✅ URRIAGO RIVAS FREDY | CC 4920180
2026-01-21 15:34:48,558 - INFO - ✅ POLANIA ZAMBONI NIDIA KATHERINE | CC 1077841392
2026-01-21 15:34:48,761 - INFO - ✅ SAMBONI YAZMIN ELIANA | CC 1083910874
2026-01-21 15:34:48,965 - INFO - ✅ RAMOS PANTOJA CRISTIAN RONALD | CC 1085247794
2026-01-21 15:34:49,179 - INFO - ✅ QUIROZ MOTTA OLGA | CC 40784021
2026-01-21 15:34:49,398 - INFO - ✅ GUTIERREZ HERRERA EDELMIRA | CC 55065139
2026-01-21 15:34:49,600 - INFO - ✅ MARINELA CORTES | CC 55200592
2026-01-21 15:34:49,833 - INFO - ✅ DIAZ MORILLO LEIDY YORELY | CC 1125410825
2026-01-21 15:34:50,035 - INFO - ✅ CUELLAR BOLANOS PAULA MANUELA | CC 1083915751
2026-01-21 15:34:50,239 - INFO - ✅ ORTIZ HERNANDEZ MERCY FERNANDA | CC 1083838692
2026-01-21 15:34:50,440 - INFO - ✅ JOVEN TRUJILLO NERLYN YULITZA | CC 1083840626
2026-01-21 15:34:50,665 - INFO - ✅ TORRES DIAZ MARISOL | CC 1127072507
2026-01-21 15:34:50,868 - INFO - ✅ MOJANAJINSOY ERAZO YULIETH STEFANNIE | CC 1124866355
2026-01-21 15:34:51,095 - INFO - ✅ ASCUNTAR AGREDA GISELA KARINA | CC 1127078568
2026-01-21 15:34:51,299 - INFO - ✅ DAZA MOLINA DEICY DAMARIS | CC 1083892453
2026-01-21 15:34:51,521 - INFO - ✅ PAYANENE TIQUE EDWIN YEFERSON | CC 1031183494
2026-01-21 15:34:51,727 - INFO - ✅ MUNOZ CALDERON EDNA MILENA | CC 1007337014
2026-01-21 15:34:51,970 - INFO - ✅ ORTIZ ZAPATA VIDS YINDREY | CC 1083918998
2026-01-21 15:34:52,215 - INFO - ✅ LEONARDO CALDERON | CC 12199628
2026-01-21 15:34:52,426 - INFO - ✅ TEZ ANDRADE LUCENI OFELIA | CC 39840986
2026-01-21 15:34:52,625 - INFO - ✅ SANTIAGO PIZO SERGIO ANDRES | CC 1083869218
2026-01-21 15:34:52,859 - INFO - ✅ CLAROS VALENZUELA GERMAN | CC 12207165
2026-01-21 15:34:53,067 - INFO - ✅ SEGURA ROMERO BERTIL | CC 12206713
2026-01-21 15:34:53,292 - INFO - ✅ GARCIA GONZALEZ JULIANA MARCELA | CC 1114823221
2026-01-21 15:34:53,501 - INFO - ✅ QUEVEDO DUARTE ERIKA JOHANA | CC 1069750194
2026-01-21 15:34:53,710 - INFO - ✅ CASTANEDA PEDRAZA JORGE ANDRES | CC 1071548409
2026-01-21 15:34:53,919 - INFO - ✅ PACHON AGUILERA LUIS ARTURO | CC 1071548972
2026-01-21 15:34:54,205 - INFO - ✅ PAIPA CORDERO EDER LEANDRO | CC 1106891374
2026-01-21 15:34:54,403 - INFO - ✅ RINCON DELGADO JESUS WALDEMAR | CC 1094270144
2026-01-21 15:34:54,627 - INFO - ✅ JIMENEZ ACUNA JOSE ALFREDO | CC 79897663
2026-01-21 15:34:54,831 - INFO - ✅ JARAMILLO CIPRIAN GERMAN ADRIAN | CC 11256581
2026-01-21 15:34:55,058 - INFO - ✅ RODRIGUEZ LOPEZ JAMES FERNEY | CC 80223835
2026-01-21 15:34:55,269 - INFO - ✅ RODRIGUEZ GUTIERREZ OSCAR JAIRO | CC 11321205
2026-01-21 15:34:55,566 - INFO - ✅ QUIROGA AYALA DIEGO FERNANDO | CC 1024491041
2026-01-21 15:34:55,755 - INFO - ✅ MORERA CASTELLANOS JEFFERSON ARBEY | CC 1069738398
2026-01-21 15:34:55,978 - INFO - ✅ PERDOMO LOPEZ JOSE MAURICIO | CC 1026554990
2026-01-21 15:34:56,190 - INFO - ✅ FORERO PRIETO JOSE ANTONIO | CC 1069718535
2026-01-21 15:34:56,397 - INFO - ✅ GONZALEZ VANEGAS DIEGO | CC 1016032937
2026-01-21 15:34:56,604 - INFO - ✅ AMAYA TORRES ELKIN EDUARDO | CC 91489044
2026-01-21 15:34:56,810 - INFO - ✅ LUGO CRUZ ORLANDO | CC 79920567
2026-01-21 15:34:57,011 - INFO - ✅ VARGAS RUIZ LUIS FERNANDO | CC 1007334005
2026-01-21 15:34:57,230 - INFO - ✅ CALENO CASTRO CESAR AUGUSTO | CC 1110088084
2026-01-21 15:34:57,430 - INFO - ✅ VELASQUEZ MORENO OMAR ANDRES | CC 1075871445
2026-01-21 15:34:57,646 - INFO - ✅ LEON BAQUERO NESTOR DAVID | CC 1069751871
2026-01-21 15:34:57,858 - INFO - ✅ PLAZAS YONY HERNANDO | CC 82392278
2026-01-21 15:34:58,065 - INFO - ✅ RIOS TAFUR ISMAEL ANDRES | CC 1069712912
2026-01-21 15:34:58,261 - INFO - ✅ SIMBAQUEVA QUEVEDO OSCAR FABIAN | CC 1069749099
2026-01-21 15:34:58,477 - INFO - ✅ SIERRA HERNANDEZ LEONARDO | CC 79836866
2026-01-21 15:34:58,688 - INFO - ✅ LEGUIZAMON GARCIA DAVID ESTEVEN | CC 1069736583
2026-01-21 15:34:58,918 - INFO - ✅ MARTINEZ ORTIZ JOAN MAURICIO | CC 1069721937
2026-01-21 15:34:59,138 - INFO - ✅ PULIDO PEREZ JONATHAN | CC 1069719896
2026-01-21 15:34:59,358 - INFO - ✅ MIRANDA GARZON DARWIN OVEIMAR | CC 1063812699
2026-01-21 15:34:59,567 - INFO - ✅ CARDOZO HUERTAS JOSE MANUEL | CC 1069758649
2026-01-21 15:34:59,780 - INFO - ✅ PADILLA HERNANDEZ JEYSSON CAMILO | CC 1069751659
2026-01-21 15:34:59,992 - INFO - ✅ RODRIGUEZ GAITAN URIEL FERNANDO | CC 80762721
2026-01-21 15:35:00,199 - INFO - ✅ AREVALO BALDERO CARLOS ARTURO | CC 80664384
2026-01-21 15:35:00,411 - INFO - ✅ SANCHEZ RONDON JUAN GABRIEL | CC 80770116
2026-01-21 15:35:00,629 - INFO - ✅ GIRALDO LUIS EUIXER | CC 89006382
2026-01-21 15:35:00,833 - INFO - ✅ HERRERA BARBOSA DEIBER | CC 1069712918
2026-01-21 15:35:01,055 - INFO - ✅ OVIEDO MUNOZ HERMES | CC 79920265
2026-01-21 15:35:01,264 - INFO - ✅ PULIDO GUTIERREZ JUAN CARLOS | CC 11257152
2026-01-21 15:35:01,481 - INFO - ✅ PINZON RIVEROS MIGUEL ANTONIO | CC 1003520342
2026-01-21 15:35:01,688 - INFO - ✅ MERCHAN LOMBO MARTIN EMILIO | CC 14253773
2026-01-21 15:35:01,893 - INFO - ✅ GOMEZ RAMIREZ EDGAR MAURICIO | CC 1069757637
2026-01-21 15:35:02,140 - INFO - ✅ GUZMAN MUNOZ CARLOS ALBERTO | CC 79583939
2026-01-21 15:35:02,367 - INFO - ✅ RODRIGUEZ ACOSTA JULIO ALBERTO | CC 11386283
2026-01-21 15:35:02,574 - INFO - ✅ MOLINA OBANDO ROBIN SEBASTIAN | CC 1070754172
2026-01-21 15:35:02,797 - INFO - ✅ JIMENEZ VELANDIA JONATAN | CC 1106364625
2026-01-21 15:35:03,010 - INFO - ✅ GUTIERREZ MONROY OSCAR EDUARDO | CC 80741162
2026-01-21 15:35:03,225 - INFO - ✅ MORA MANCERA BRAYAN ALFONSO | CC 1069752468
2026-01-21 15:35:03,433 - INFO - ✅ GIL BANQUET ARIEL DAVID | CC 78590104
2026-01-21 15:35:03,647 - INFO - ✅ LOPEZ SALAMANCA FREDY | CC 79956526
2026-01-21 15:35:03,848 - INFO - ✅ RODRIGUEZ ROMERO JUAN ERASMO | CC 1069750790
2026-01-21 15:35:04,072 - INFO - ✅ GARZON VARGAS KEVIN ANTONIO | CC 1121955875
2026-01-21 15:35:04,274 - INFO - ✅ SILVA ROMERO JOHAN STIVEN | CC 1072896620
2026-01-21 15:35:04,500 - INFO - ✅ CRUZ GONZALEZ JOSE ALVARO | CC 80499455
2026-01-21 15:35:04,720 - INFO - ✅ GUZMAN GOMEZ NIDIA JULIETH | CC 1073130662
2026-01-21 15:35:04,929 - INFO - ✅ CASALLAS ALFONSO BRAYAN STIVEN | CC 1233490784
2026-01-21 15:35:05,145 - INFO - ✅ HURTADO OSORIO YURLEY XIOMARA | CC 1003518419
2026-01-21 15:35:05,442 - INFO - ✅ LADINO GOMEZ JENNY MARCELA | CC 1074132102
2026-01-21 15:35:05,640 - INFO - ✅ ROJAS ROJAS LEIDY TATIANA | CC 1069735365
2026-01-21 15:35:05,870 - INFO - ✅ CACERES MONCADA JENNIFER DAIHANA | CC 1094274454
2026-01-21 15:35:06,066 - INFO - ✅ VASQUEZ ROMERO LINDA DANIELA | CC 1070619156
2026-01-21 15:35:06,283 - INFO - ✅ HERNANDEZ RODRIGUEZ WILSON JAVIER | CC 1071580685
2026-01-21 15:35:06,478 - INFO - ✅ MORALES ALDANA LEIDI JUDID | CC 1069751806
2026-01-21 15:35:06,712 - INFO - ✅ PENAGOS GUERRERO WILSON ANDRES | CC 1106308976
2026-01-21 15:35:06,932 - INFO - ✅ DUQUE HERNANDEZ NASLY MELIZA | CC 1071550915
2026-01-21 15:35:07,170 - INFO - ✅ SUAREZ VERA WILMER LIBARDO | CC 1005066380
2026-01-21 15:35:07,367 - INFO - ✅ PEREZ RINCON LISBETH TATIANA | CC 1003619457
2026-01-21 15:35:07,608 - INFO - ✅ GARZON PRIETO OLMEDO | CC 80541722
2026-01-21 15:35:07,843 - INFO - ✅ CARDONA TAMAYO JULIAN ESTEBAN | CC 1035392029
2026-01-21 15:35:08,066 - INFO - ✅ QUINTERO CARDENAS MARLON DUVAN | CC 1001389548
2026-01-21 15:35:08,265 - INFO - ✅ CARMONA ARANGO JOSE MIGUEL | CC 1035237094
2026-01-21 15:35:08,480 - INFO - ✅ ALZATE ZAPATA SANTIAGO | CC 1020495208
2026-01-21 15:35:08,697 - INFO - ✅ ALVAREZ YEPES DANIEL RODRIGO | CC 1035389801
2026-01-21 15:35:08,913 - INFO - ✅ HOYOS RIOS SANTIAGO | CC 1129624087
2026-01-21 15:35:09,150 - INFO - ✅ ACEVEDO OCHOA EDILSON | CC 1044100747
2026-01-21 15:35:09,395 - INFO - ✅ JOYA MUNOZ LUIS ALBERTO | CC 1037502769
2026-01-21 15:35:09,601 - INFO - ✅ CASTRILLON PEREZ JOSE FERNANDO | CC 94459536
2026-01-21 15:35:09,829 - INFO - ✅ GRAJALES OLAYA HUGO MARIO | CC 10032730
2026-01-21 15:35:10,034 - INFO - ✅ IPIA ALZATE ANDRES FELIPE | CC 1114893972
2026-01-21 15:35:10,250 - INFO - ✅ DIAZ VARELA RUBEN DARIO | CC 79823018
2026-01-21 15:35:10,471 - INFO - ✅ CARMONA LONDONO GLADYS ELENA | CC 39354234
2026-01-21 15:35:10,728 - INFO - ✅ ARBOLEDA MUNOZ BEATRIZ IRELDA | CC 39357350
2026-01-21 15:35:10,927 - INFO - ✅ JIMENEZ VILLA PAULA ANDREA | CC 39358292
2026-01-21 15:35:11,155 - INFO - ✅ GRIZALES MORALES JIOVANA MAGDALENA | CC 43862069
2026-01-21 15:35:11,234 - INFO - 
==============================
2026-01-21 15:35:11,235 - INFO - RESUMEN FINAL
2026-01-21 15:35:11,237 - INFO - Exitosos: 1465
2026-01-21 15:35:11,237 - INFO - Errores: 0
2026-01-21 15:35:11,239 - INFO - ==============================

2026-01-21 15:35:11,245 - INFO - ✨ Proceso finalizado
